time,force,displacement,velocity
0.000000000000000000e+00,0.000000000000000000e+00,0.000000000000000000e+00,0.000000000000000000e+00
1.000500250125062503e-02,3.001388082725084047e-02,5.002345146951562766e-07,1.499421947700608874e-04
2.001000500250125005e-02,6.002100189999780983e-02,3.989901353759590187e-06,5.988805447693314101e-04
3.001500750375187682e-02,9.001460498617529227e-02,1.345231405069720031e-05,1.345339659812908820e-03
4.002001000500250011e-02,1.199879348982513944e-01,3.186791980401798390e-05,2.387657060959448053e-03
5.002501250625312340e-02,1.499342410146375093e-01,6.219305529223380998e-05,3.723996250340181127e-03
6.003001500750375363e-02,1.798467788000698009e-01,1.073597871745783281e-04,5.352346804922569583e-03
7.003501750875437692e-02,2.097188113246197250e-01,1.702759120910068123e-04,7.270524376510298196e-03
8.004002001000500022e-02,2.395436107809916781e-01,2.538249566621963342e-04,9.476170691743283220e-03
9.004502251125562351e-02,2.693144599997662203e-01,3.608661774895456816e-04,1.196675355209766804e-02
1.000500250125062468e-01,2.990246539622471444e-01,4.942345611551753580e-04,1.473956683388581886e-02
1.100550275137568701e-01,3.286675013105723742e-01,6.567408242219276377e-04,1.779173048825633680e-02
1.200600300150075073e-01,3.582363258547474616e-01,8.511293648974294947e-04,2.112023397386835616e-02
1.300650325162581167e-01,3.877244680762637064e-01,1.080122209729495906e-03,2.472189368109710406e-02
1.400700350175087538e-01,4.171252866279612226e-01,1.346477756437440467e-03,2.859329570886633837e-02
1.500750375187593633e-01,4.464321598297989468e-01,1.652908249604120167e-03,3.273088112406162542e-02
1.600800400200100004e-01,4.756384871601964659e-01,2.002079121204400174e-03,3.713094663987374922e-02
1.700850425212606376e-01,5.047376907426086579e-01,2.396608990605154053e-03,4.178964461579873224e-02
1.800900450225112470e-01,5.337232168270023003e-01,2.839069664565260515e-03,4.670298305763775915e-02
1.900950475237618842e-01,5.625885372658968597e-01,3.331986137235609918e-03,5.186682561749726694e-02
2.001000500250124936e-01,5.913271509846410590e-01,3.877836590159095594e-03,5.727689159378888256e-02
2.101050525262631308e-01,6.199325854455899343e-01,4.479052392270624697e-03,6.292875593122948530e-02
2.201100550275137402e-01,6.483983981058564217e-01,5.138018099897105617e-03,6.881784922084108191e-02
2.301150575287643774e-01,6.767181778683072357e-01,5.857071456757457530e-03,7.493945769995101480e-02
2.401200600300150145e-01,7.048855465254756369e-01,6.638503393962609522e-03,8.128872325219171913e-02
2.501250625312656517e-01,7.328941601960674568e-01,7.484558030015493225e-03,8.786064340750091017e-02
2.601300650325162334e-01,7.607377107537361960e-01,8.397432670811047148e-03,9.465007134212144457e-02
2.701350675337668705e-01,7.884099272478052312e-01,9.379277809636229687e-03,1.016517158786015285e-01
2.801400700350175077e-01,8.159045773156167192e-01,1.043219694714614572e-02,1.088601418803064463e-01
2.901450725362681449e-01,8.432154685861908971e-01,1.155810060150188473e-02,1.162700960417563933e-01
3.001500750375187265e-01,8.703364500748772548e-01,1.275891569673872142e-02,1.238760687849377318e-01
3.101550775387693637e-01,8.972614135686852732e-01,1.403665139372075633e-02,1.316721411234587358e-01
3.201600800400200009e-01,9.239842950019817591e-01,1.539324526760653573e-02,1.396523177175142683e-01
3.301650825412706380e-01,9.504990758222451319e-01,1.683056330784907934e-02,1.478105268738859057e-01
3.401700850425212752e-01,9.767997843455704654e-01,1.835039991819587685e-02,1.561406205459419660e-01
3.501750875437718569e-01,1.002880497101616752e+00,1.995447791668888277e-02,1.646363743336374252e-01
3.601800900450224940e-01,1.028735340167697077e+00,2.164444853566453719e-02,1.732914874835141672e-01
3.701850925462731312e-01,1.054358490491708711e+00,2.342189142175373634e-02,1.820995828887004842e-01
3.801900950475237684e-01,1.079744177203606270e+00,2.528831463588183948e-02,1.910542070889115762e-01
3.901950975487743500e-01,1.104886682915122931e+00,2.724515465326867586e-02,2.001488302704492184e-01
4.002001000500249872e-01,1.129780345007445730e+00,2.929377636342857250e-02,2.093768462662021212e-01
4.102051025512756244e-01,1.154419556906556288e+00,3.143547307017028475e-02,2.187315725556454871e-01
4.202101050525262615e-01,1.178798769345947850e+00,3.367146649159705879e-02,2.282062502648412872e-01
4.302151075537768987e-01,1.202912491616436652e+00,3.600290676010660385e-02,2.377940441664382065e-01
4.402201100550274804e-01,1.226755292802785613e+00,3.843087242239108525e-02,2.474880426796716160e-01
4.502251125562781175e-01,1.250321803006858357e+00,4.095637043943717998e-02,2.572812578703637110e-01
4.602301150575287547e-01,1.273606714557034891e+00,4.358033618652600721e-02,2.671666254509232896e-01
4.702351175587793919e-01,1.296604783203608280e+00,4.630363345323311453e-02,2.771370047803457526e-01
4.802401200600300291e-01,1.319310829299900290e+00,4.912705444342860273e-02,2.871851788642135750e-01
4.902451225612806107e-01,1.341719738968827569e+00,5.205131977527695242e-02,2.973038543546954182e-01
5.002501250625313034e-01,1.363826465254651898e+00,5.507707848123721134e-02,3.074856615505471846e-01
5.102551275637818851e-01,1.385626029259661163e+00,5.820490800806277926e-02,3.177231543971109629e-01
5.202601300650324667e-01,1.407113521265521694e+00,6.143531421680160920e-02,3.280088104863160270e-01
5.302651325662831594e-01,1.428284101839049525e+00,6.476873138279615194e-02,3.383350310566782815e-01
5.402701350675337411e-01,1.449133002922151414e+00,6.820540053715556938e-02,3.486953582444697330e-01
5.502751375687843227e-01,1.469655528905691622e+00,7.174549863243509518e-02,3.590833626273259860e-01
5.602801400700350154e-01,1.489847057687043064e+00,7.538930189504619572e-02,3.694909760781271424e-01
5.702851425712855971e-01,1.509703041711078608e+00,7.913700883123701846e-02,3.799101718917364257e-01
5.802901450725362897e-01,1.529219008994378237e+00,8.298873969685978402e-02,3.903329699363379257e-01
5.902951475737868714e-01,1.548390564132412495e+00,8.694453649737046708e-02,4.007514366534355443e-01
6.003001500750374531e-01,1.567213389289479064e+00,9.100436298782904609e-02,4.111576850578538833e-01
6.103051525762881457e-01,1.585683245171171318e+00,9.516810467289948949e-02,4.215438747377380224e-01
6.203101550775387274e-01,1.603795971979153689e+00,9.943556880684945032e-02,4.319022118545527977e-01
6.303151575787894201e-01,1.621547490348038689e+00,1.038064843935507520e-01,4.422249491430840784e-01
6.403201600800400017e-01,1.638933802264141981e+00,1.082805021864788886e-01,4.525043859114376010e-01
6.503251625812905834e-01,1.655950991965921437e+00,1.128571946887134414e-01,4.627328680410396355e-01
6.603301650825412761e-01,1.672595226825887904e+00,1.175360561529378567e-01,4.729027879866369855e-01
6.703351675837918577e-01,1.688862758213791615e+00,1.223165025814394041e-01,4.830065847762963216e-01
6.803401700850425504e-01,1.704749922340895063e+00,1.271978717261094405e-01,4.930367440114052369e-01
6.903451725862931321e-01,1.720253141085132054e+00,1.321794230884429655e-01,5.029857978666710805e-01
7.003501750875437137e-01,1.735368922796977742e+00,1.372603379195391771e-01,5.128463250901220682e-01
7.103551775887944064e-01,1.750093863085841139e+00,1.424397192201010687e-01,5.226109510031065053e-01
7.203601800900449881e-01,1.764424645586803120e+00,1.477165917404354156e-01,5.322723475002929527e-01
7.303651825912956808e-01,1.778358042707534281e+00,1.530899019804531358e-01,5.418232330496707272e-01
7.403701850925462624e-01,1.791890916355213470e+00,1.585585181896688733e-01,5.512563726925490126e-01
7.503751875937968441e-01,1.805020218643294205e+00,1.641212303672012762e-01,5.605645780435577485e-01
7.603801900950475368e-01,1.817742992577951577e+00,1.697767502617729130e-01,5.697407072906468528e-01
7.703851925962981184e-01,1.830056372724058633e+00,1.755237113717101338e-01,5.787776651950867768e-01
7.803901950975487001e-01,1.841957585850543699e+00,1.813606689449434040e-01,5.876684030914682833e-01
7.903951975987993928e-01,1.853443951554978764e+00,1.872860999790069703e-01,5.964059188877028905e-01
8.004002001000499744e-01,1.864512882867263244e+00,1.932984032210388614e-01,6.049832570650215402e-01
8.104052026013006671e-01,1.875161886832264146e+00,1.993958991677814430e-01,6.133935086779764845e-01
8.204102051025512488e-01,1.885388565071279166e+00,2.055768300655804182e-01,6.216298113544397319e-01
8.304152076038018304e-01,1.895190614322205702e+00,2.118393599103858271e-01,6.296853492956038245e-01
8.404202101050525231e-01,1.904565826958280805e+00,2.181815744477515473e-01,6.375533532759816158e-01
8.504252126063031048e-01,1.913512091485285671e+00,2.246014811728352378e-01,6.452271006434064926e-01
8.604302151075537974e-01,1.922027393017099239e+00,2.310970093303985617e-01,6.526999153190320424e-01
8.704352176088043791e-01,1.930109813729491641e+00,2.376660099148070193e-01,6.599651677973319419e-01
8.804402201100549608e-01,1.937757533292058465e+00,2.443062556700300592e-01,6.670162751461006234e-01
8.904452226113056534e-01,1.944968829278198363e+00,2.510154410896412447e-01,6.738467010064528306e-01
9.004502251125562351e-01,1.951742077553038301e+00,2.577911824168175881e-01,6.804499555928233967e-01
9.104552276138069278e-01,1.958075752639223621e+00,2.646315731200082899e-01,6.868211308419233108e-01
9.204602301150575094e-01,1.963968428060486993e+00,2.715359762225124651e-01,6.929590308742208382e-01
9.304652326163080911e-01,1.969418776662920756e+00,2.785018049341306257e-01,6.988572579100310600e-01
9.404702351175587838e-01,1.974425570913880268e+00,2.855262662286540687e-01,7.045090940322604744e-01
9.504752376188093654e-01,1.978987683178449419e+00,2.926065415906554112e-01,7.099080034621438884e-01
9.604802401200600581e-01,1.983104085973407704e+00,2.997397870154894228e-01,7.150476325592449722e-01
9.704852426213106398e-01,1.986773852198641555e+00,3.069231330092919152e-01,7.199218098214553718e-01
9.804902451225612214e-01,1.989996155345945761e+00,3.141536845889807972e-01,7.245245458849959297e-01
9.904952476238119141e-01,1.992770269685171014e+00,3.214285212822554083e-01,7.288500335244154638e-01
1.000500250125062607e+00,1.995095570427673382e+00,3.287446971275966856e-01,7.328926476525917666e-01
1.010505252626313188e+00,1.996971533867030191e+00,3.360992406742671634e-01,7.366469453207308282e-01
1.020510255127563770e+00,1.998397737496988569e+00,3.434891549823111401e-01,7.401076657183672802e-01
1.030515257628814352e+00,1.999373860106624434e+00,3.509114176225544002e-01,7.432697301733645068e-01
1.040520260130064933e+00,1.999899681852684186e+00,3.583629806766043813e-01,7.461282421519139785e-01
1.050525262631315737e+00,1.999975084309099094e+00,3.658407707368504513e-01,7.486784872585363626e-01
1.060530265132566319e+00,1.999600050493656855e+00,3.733416889064629096e-01,7.509159332360800798e-01
1.070535267633816900e+00,1.998774664871826534e+00,3.808626107993942633e-01,7.528362299657225254e-01
1.080540270135067482e+00,1.997499113337735110e+00,3.884003865403785616e-01,7.544352094669697362e-01
1.090545272636318064e+00,1.995773683172300528e+00,3.959518407649311733e-01,7.557088858976560575e-01
1.100550275137568645e+00,1.993598762978529226e+00,4.035137726193495089e-01,7.566534555539444762e-01
1.110555277638819449e+00,1.990974842593995264e+00,4.110829557607125206e-01,7.572652968703262877e-01
1.120560280140070031e+00,1.987902512980519010e+00,4.186561383568802586e-01,7.575409704196217620e-01
1.130565282641320612e+00,1.984382466091068720e+00,4.262300430864949252e-01,7.574772189129792554e-01
1.140570285142571194e+00,1.980415494713919866e+00,4.338013671389803760e-01,7.570709671998759882e-01
1.150575287643821776e+00,1.976002492294101964e+00,4.413667822145418418e-01,7.563193222681174888e-01
1.160580290145072579e+00,1.971144452732175090e+00,4.489229345241664282e-01,7.552195732438379272e-01
1.170585292646323161e+00,1.965842470160384714e+00,4.564664447896223387e-01,7.537691913915001152e-01
1.180590295147573743e+00,1.960097738696238379e+00,4.639939082434599849e-01,7.519658301138950618e-01
1.190595297648824324e+00,1.953911552173566157e+00,4.715018946290112645e-01,7.498073249521426398e-01
1.200600300150074906e+00,1.947285303851122418e+00,4.789869482003893952e-01,7.472916935856912524e-01
1.210605302651325710e+00,1.940220486098793717e+00,4.864455877224896918e-01,7.444171358323176113e-01
1.220610305152576291e+00,1.932718690061487665e+00,4.938743064709886221e-01,7.411820336481271809e-01
1.230615307653826873e+00,1.924781605300772025e+00,5.012695722323445846e-01,7.375849511275537340e-01
1.240620310155077455e+00,1.916411019414350880e+00,5.086278273037975195e-01,7.336246345033597960e-01
1.250625312656328036e+00,1.907608817633460241e+00,5.159454884933689645e-01,7.293000121466364227e-01
1.260630315157578840e+00,1.898376982398274126e+00,5.232189471198621655e-01,7.246101945668027566e-01
1.270635317658829422e+00,1.888717592911417720e+00,5.304445690128618551e-01,7.195544744116073588e-01
1.280640320160080003e+00,1.878632824669687507e+00,5.376186945127343630e-01,7.141323264671265436e-01
1.290645322661330585e+00,1.868124948974083877e+00,5.447376384706277275e-01,7.083434076577653782e-01
1.300650325162581167e+00,1.857196332418266094e+00,5.517976902484719171e-01,7.021875570462575711e-01
1.310655327663831970e+00,1.845849436355545548e+00,5.587951137189781647e-01,6.956647958336652504e-01
1.320660330165082552e+00,1.834086816344540294e+00,5.657261472656389678e-01,6.887753273593794079e-01
1.330665332666333134e+00,1.821911121573605019e+00,5.725870037827291981e-01,6.815195371011190106e-01
1.340670335167583715e+00,1.809325094264182088e+00,5.793738706753051027e-01,6.738979926749318894e-01
1.350675337668834297e+00,1.796331569053194244e+00,5.860829098592041930e-01,6.659114438351945164e-01
1.360680340170085101e+00,1.782933472354625515e+00,5.927102577610461331e-01,6.575608224746114505e-01
1.370685342671335682e+00,1.769133821700431319e+00,5.992520253182319623e-01,6.488472426242165580e-01
1.380690345172586264e+00,1.754935725060927210e+00,6.057042979789440951e-01,6.397720004533714588e-01
1.390695347673836846e+00,1.740342380144808798e+00,6.120631357021468766e-01,6.303365742697667473e-01
1.400700350175087427e+00,1.725357073678959852e+00,6.183245729575863603e-01,6.205426245194212154e-01
1.410705352676338231e+00,1.709983180668214198e+00,6.244846187257903081e-01,6.103919937866825185e-01
1.420710355177588813e+00,1.694224163635233982e+00,6.305403575270999150e-01,5.998862251804002454e-01
1.430715357678839394e+00,1.678083571840676136e+00,6.364936090035941962e-01,5.890247564391379864e-01
1.440720360180089976e+00,1.661565040483822475e+00,6.423409261890332678e-01,5.778092021954462920e-01
1.450725362681340558e+00,1.644672289883861716e+00,6.480780178017128135e-01,5.662417096622858192e-01
1.460730365182591362e+00,1.627409124641991500e+00,6.537006679486444538e-01,5.543245765187697627e-01
1.470735367683841943e+00,1.609779432784544495e+00,6.592047361255558569e-01,5.420602509101645206e-01
1.480740370185092525e+00,1.591787184887322404e+00,6.645861572168908493e-01,5.294513314478889177e-01
1.490745372686343106e+00,1.573436433181339966e+00,6.698409414958090835e-01,5.165005672095145384e-01
1.500750375187593688e+00,1.554731310640177666e+00,6.749651746241865924e-01,5.032108577387658377e-01
1.510755377688844270e+00,1.535676030049147878e+00,6.799550176526151235e-01,4.895852530455201412e-01
1.520760380190095074e+00,1.516274883056490275e+00,6.848067070204026940e-01,4.756269536058072567e-01
1.530765382691345655e+00,1.496532239206799897e+00,6.895165545555731468e-01,4.613393103618106394e-01
1.540770385192596237e+00,1.476452544956916801e+00,6.940809474748664831e-01,4.467258247218655054e-01
1.550775387693846818e+00,1.456040322674488685e+00,6.984963483837388631e-01,4.317901485604604961e-01
1.560780390195097400e+00,1.435300169619440291e+00,7.027592952763623835e-01,4.165360842182368462e-01
1.570785392696348204e+00,1.414236756908573200e+00,7.068664015356251884e-01,4.009675845019879947e-01
1.580790395197598786e+00,1.392854828463533812e+00,7.108143559331312478e-01,3.850887526846616948e-01
1.590795397698849367e+00,1.371159199942382223e+00,7.145999226292009121e-01,3.689038425053571268e-01
1.600800400200099949e+00,1.349154757655003589e+00,7.182199411728704685e-01,3.524172581693267858e-01
1.610805402701350530e+00,1.326846457462611761e+00,7.216713265018922518e-01,3.356335543479757044e-01
1.620810405202601334e+00,1.304239323661583461e+00,7.249510689427346444e-01,3.185574361788617304e-01
1.630815407703851916e+00,1.281338447851883888e+00,7.280562342105818541e-01,3.011937592656961371e-01
1.640820410205102498e+00,1.258148987790327133e+00,7.309839634093344696e-01,2.835475296783424581e-01
1.650825412706353079e+00,1.234676166228945826e+00,7.337314730316089051e-01,2.656239039528167090e-01
1.660830415207603661e+00,1.210925269738717169e+00,7.362960549587377335e-01,2.474281890912882753e-01
1.670835417708854465e+00,1.186901647518912917e+00,7.386750764607694641e-01,2.289658425620786919e-01
1.680840420210105046e+00,1.162610710192354402e+00,7.408659801964687652e-01,2.102424722996634743e-01
1.690845422711355628e+00,1.138057928586819978e+00,7.428662842133161304e-01,1.912638367046698429e-01
1.700850425212606210e+00,1.113248832502905294e+00,7.446735819475084339e-01,1.720358446438778888e-01
1.710855427713856791e+00,1.088189009468591317e+00,7.462855422239582648e-01,1.525645554502210732e-01
1.720860430215107595e+00,1.062884103480821185e+00,7.476999092562943705e-01,1.328561789227846179e-01
1.730865432716358177e+00,1.037339813734351246e+00,7.489145026468617683e-01,1.129170753268083360e-01
1.740870435217608758e+00,1.011561893338172924e+00,7.499272173867213009e-01,9.275375539368313493e-02
1.750875437718859340e+00,9.855561480197929658e-01,7.507360238556496368e-01,7.237288032095334778e-02
1.760880440220109922e+00,9.593284348176615017e-01,7.513389678221399359e-01,5.178126177231601179e-02
1.770885442721360725e+00,9.328846607620444598e-01,7.517341704434010730e-01,3.098586187762064625e-02
1.780890445222611307e+00,9.062307815446365433e-01,7.519198282653581922e-01,9.993793232870751275e-03
1.790895447723861889e+00,8.793728001772158631e-01,7.518942132226522634e-01,-1.118768109977863467e-02
1.800900450225112470e+00,8.523167656396363201e-01,7.516556726386404153e-01,-3.255114759201893637e-02
1.810905452726363052e+00,8.250687715174760406e-01,7.512026292253958237e-01,-5.408904224938948513e-02
1.820910455227613856e+00,7.976349546296295223e-01,7.505335810837077126e-01,-7.579365061127696368e-02
1.830915457728864437e+00,7.700214936461731163e-01,7.496471017030813533e-01,-9.765710775091374085e-02
1.840920460230115019e+00,7.422346076967905049e-01,7.485418399617379537e-01,-1.196713982753805361e-01
1.850925462731365601e+00,7.142805549701028989e-01,7.472165201266148804e-01,-1.418283563256053093e-01
1.860930465232616182e+00,6.861656313041905042e-01,7.456699418533655477e-01,-1.641196655763631496e-01
1.870935467733866986e+00,6.578961687686344373e-01,7.439009801863593063e-01,-1.865368592362767197e-01
1.880940470235117568e+00,6.294785342384108251e-01,7.419085855586816658e-01,-2.090713200478142575e-01
1.890945472736368149e+00,6.009191279599285229e-01,7.396917837921341832e-01,-2.317142802872929064e-01
1.900950475237618731e+00,5.722243821095645000e-01,7.372496760972342411e-01,-2.544568217648768282e-01
1.910955477738869313e+00,5.434007593449994289e-01,7.345814390732154919e-01,-2.772898758245764261e-01
1.920960480240120116e+00,5.144547513496963154e-01,7.316863247080276356e-01,-3.002042233442510089e-01
1.930965482741370698e+00,4.853928773708339750e-01,7.285636603783363086e-01,-3.231904947356046831e-01
1.940970485242621280e+00,4.562216827510375827e-01,7.252128488495230840e-01,-3.462391699441905724e-01
1.950975487743871861e+00,4.269477374542297587e-01,7.216335022941130495e-01,-3.693433263776716990e-01
1.960980490245122443e+00,3.975776345859373673e-01,7.178255616379730641e-01,-3.925055795741481113e-01
1.970985492746373025e+00,3.681179889083870949e-01,7.137882381507916207e-01,-4.157177138466768840e-01
1.980990495247623828e+00,3.385754353507177683e-01,7.095207583758090797e-01,-4.389700611606729419e-01
1.990995497748874410e+00,3.089566275146652385e-01,7.050224535471850684e-01,-4.622530012390925758e-01
2.001000500250125214e+00,2.792682361760188692e-01,7.002927595899983704e-01,-4.855569615624370505e-01
2.011005502751375573e+00,2.495169477822368198e-01,6.953312171202475911e-01,-5.088724173687477759e-01
2.021010505252626377e+00,2.197094629465043414e-01,6.901374714448497150e-01,-5.321898916536128565e-01
2.031015507753876737e+00,1.898524949386292127e-01,6.847112725616422146e-01,-5.554999551701589322e-01
2.041020510255127540e+00,1.599527681730597561e-01,6.790524751593808306e-01,-5.787932264290599482e-01
2.051025512756378344e+00,1.300170166944154271e-01,6.731610386177413474e-01,-6.020603716985293286e-01
2.061030515257628704e+00,1.000519826608355506e-01,6.670370270073188168e-01,-6.252921050043235285e-01
2.071035517758879507e+00,7.006441482550043731e-02,6.606806090896271133e-01,-6.484791881297451432e-01
2.081040520260129867e+00,4.006106701668071118e-02,6.540920583171000446e-01,-6.716124306156350254e-01
2.091045522761380671e+00,1.004869661662035306e-02,6.472717528330901304e-01,-6.946826897603817219e-01
2.101050525262631474e+00,-1.996593696035393536e-02,6.402201754718697124e-01,-7.176808706199129251e-01
2.111055527763881834e+00,-4.997607379020327367e-02,6.329379137586306214e-01,-7.405979260076998028e-01
2.121060530265132638e+00,-7.997495496165218931e-02,6.254256599094830671e-01,-7.634248564947587745e-01
2.131065532766382997e+00,-1.099558240984316454e-01,6.176842108314578583e-01,-7.861527104096457386e-01
2.141070535267633801e+00,-1.399119288809644313e-01,6.097144681225038498e-01,-8.087725838384632882e-01
2.151075537768884161e+00,-1.698365225671183421e-01,6.015174380714904956e-01,-8.312756206248528290e-01
2.161080540270134964e+00,-1.997228655117270490e-01,5.930942316582052953e-01,-8.536530123700025730e-01
2.171085542771385768e+00,-2.295642266844860335e-01,5.844460645533560150e-01,-8.758959984326404324e-01
2.181090545272636128e+00,-2.593538851859304994e-01,5.755742571185699097e-01,-8.979958659290382395e-01
2.191095547773886931e+00,-2.890851317611216609e-01,5.664802344063921691e-01,-9.199439497330123006e-01
2.201100550275137291e+00,-3.187512703107063250e-01,5.571655261602892484e-01,-9.417316324759185120e-01
2.211105552776388095e+00,-3.483456193990265293e-01,5.476317668146448714e-01,-9.633503445466599091e-01
2.221110555277638898e+00,-3.778615137589098616e-01,5.378806954947636942e-01,-9.847915640916788949e-01
2.231115557778889258e+00,-4.072923057928319324e-01,5.279141560168696401e-01,-1.006046817014961015e+00
2.241120560280140062e+00,-4.366313670700985861e-01,5.177340968881043448e-01,-1.027107676978037620e+00
2.251125562781390421e+00,-4.658720898196986870e-01,5.073425713065310427e-01,-1.047965765399978988e+00
2.261130565282641225e+00,-4.950078884185205030e-01,4.967417371611301258e-01,-1.068612751457401977e+00
2.271135567783892029e+00,-5.240322008745664784e-01,4.859338570318026962e-01,-1.089040352084464036e+00
2.281140570285142388e+00,-5.529384903048506494e-01,4.749212981893694563e-01,-1.109240331972864979e+00
2.291145572786393192e+00,-5.817202464076498547e-01,4.637065325955687656e-01,-1.129204503571850093e+00
2.301150575287643552e+00,-6.103709869287476941e-01,4.522921369030602490e-01,-1.148924727088205255e+00
2.311155577788894355e+00,-6.388842591213862443e-01,4.406807924554209666e-01,-1.168392910486260705e+00
2.321160580290145159e+00,-6.672536411995506622e-01,4.288752852871488552e-01,-1.187601009487888160e+00
2.331165582791395519e+00,-6.954727437842929127e-01,4.168785061236611189e-01,-1.206541027572502589e+00
2.341170585292646322e+00,-7.235352113427576670e-01,4.046934503812926742e-01,-1.225205015977063550e+00
2.351175587793896682e+00,-7.514347236195717539e-01,3.923232181672999253e-01,-1.243585073696070520e+00
2.361180590295147486e+00,-7.791649970603106157e-01,3.797710142798565447e-01,-1.261673347481569341e+00
2.371185592796398289e+00,-8.067197862266740627e-01,3.670401482080569711e-01,-1.279462031843145553e+00
2.381190595297648649e+00,-8.340928852030976559e-01,3.541340341319151874e-01,-1.296943369047928396e+00
2.391195597798899453e+00,-8.612781289944544394e-01,3.410561909223626675e-01,-1.314109649120592138e+00
2.401200600300149812e+00,-8.882693949145360479e-01,3.278102421412525391e-01,-1.330953209843350526e+00
2.411205602801400616e+00,-9.150606039650165391e-01,3.143999160413549765e-01,-1.347466436755963448e+00
2.421210605302651420e+00,-9.416457222045628850e-01,3.008290455663610863e-01,-1.363641763155731823e+00
2.431215607803901779e+00,-9.680187621078084614e-01,2.871015683508815752e-01,-1.379471670097498492e+00
2.441220610305152583e+00,-9.941737839138733435e-01,2.732211959752179342e-01,-1.394949299013418242e+00
2.451225612806402943e+00,-1.020104896964114660e+00,2.591877091665664157e-01,-1.410074863863527206e+00
2.461230615307653746e+00,-1.045806261028833450e+00,2.450037426983198985e-01,-1.424842593341332897e+00
2.471235617808904550e+00,-1.071272087622612279e+00,2.306732610548626883e-01,-1.439244412895473113e+00
2.481240620310154910e+00,-1.096496641308002395e+00,2.162002652482083453e-01,-1.453272453230046724e+00
2.491245622811405713e+00,-1.121474240987271775e+00,2.015887928179975752e-01,-1.466919050304614780e+00
2.501250625312656073e+00,-1.146199261181896523e+00,1.868429178315029193e-01,-1.480176745334197186e+00
2.511255627813906877e+00,-1.170666133299546940e+00,1.719667508836235092e-01,-1.493038284789276693e+00
2.521260630315157680e+00,-1.194869346888243866e+00,1.569644390968895631e-01,-1.505496620395795571e+00
2.531265632816408040e+00,-1.218803450877429917e+00,1.418401661214605258e-01,-1.517544909135156717e+00
2.541270635317658844e+00,-1.242463054805667877e+00,1.265981521351230710e-01,-1.529176513244225211e+00
2.551275637818909203e+00,-1.265842830034678679e+00,1.112426538432956247e-01,-1.540385000215325428e+00
2.561280640320160007e+00,-1.288937510949470733e+00,9.577796447902325871e-02,-1.551164142796244150e+00
2.571285642821410811e+00,-1.311741896144258623e+00,8.020841380298193712e-02,-1.561507918990227672e+00
2.581290645322661170e+00,-1.334250849593933586e+00,6.453836810347729491e-02,-1.571410512055983144e+00
2.591295647823911974e+00,-1.356459301810804874e+00,4.877223019644169599e-02,-1.580866310507679895e+00
2.601300650325162334e+00,-1.378362250986348903e+00,3.291443942543961776e-02,-1.589869908114946329e+00
2.611305652826413137e+00,-1.399954764117728567e+00,1.696947166166190568e-02,-1.598416103902873475e+00
2.621310655327663941e+00,-1.421231978118801642e+00,9.418393039307138004e-04,-1.606499902152011661e+00
2.631315657828914301e+00,-1.442189100915392430e+00,-1.516390872130279899e-02,-1.614116512398372505e+00
2.641320660330165104e+00,-1.462821412524571763e+00,-3.134318695996018977e-02,-1.621261349433429366e+00
2.651325662831415464e+00,-1.483124266117688217e+00,-4.759137343033092993e-02,-1.627930033304114898e+00
2.661330665332666268e+00,-1.503093089066937837e+00,-6.390380962307851131e-02,-1.634118389312823716e+00
2.671335667833917071e+00,-1.522723383975211009e+00,-8.027580050123467315e-02,-1.639822448017411283e+00
2.681340670335167431e+00,-1.542010729689001547e+00,-9.670261450020234406e-02,-1.645038445231192581e+00
2.691345672836418235e+00,-1.560950782294146633e+00,-1.131794835277571964e-01,-1.649762822022945441e+00
2.701350675337668594e+00,-1.579539276094160893e+00,-1.297016029640429280e-01,-1.653992224716906545e+00
2.711355677838919398e+00,-1.597772024570967231e+00,-1.462641316615769238e-01,-1.657723504892775424e+00
2.721360680340170202e+00,-1.615644921327784589e+00,-1.628621919452452049e-01,-1.660953719385710237e+00
2.731365682841420561e+00,-1.633153941013972821e+00,-1.794908696123045933e-01,-1.663680130286331771e+00
2.741370685342671365e+00,-1.650295140231631930e+00,-1.961452139323850985e-01,-1.665900204940720775e+00
2.751375687843921725e+00,-1.667064658423730306e+00,-2.128202376474841451e-01,-1.667611615950418846e+00
2.761380690345172528e+00,-1.683458718743590987e+00,-2.295109169719733999e-01,-1.668812241172429101e+00
2.771385692846423332e+00,-1.699473628905509459e+00,-2.462121915925931659e-01,-1.669500163719214392e+00
2.781390695347673692e+00,-1.715105782016336011e+00,-2.629189646684540471e-01,-1.669673671958699313e+00
2.791395697848924495e+00,-1.730351657387830144e+00,-2.796261028310401131e-01,-1.669331259514269084e+00
2.801400700350174855e+00,-1.745207821329580744e+00,-2.963284361842034031e-01,-1.668471625264769331e+00
2.811405702851425659e+00,-1.759670927922356576e+00,-3.130207583041691444e-01,-1.667093673344506977e+00
2.821410705352676462e+00,-1.773737719771670385e+00,-3.296978262395317549e-01,-1.665196513143249790e+00
2.831415707853926822e+00,-1.787405028741414048e+00,-3.463543605112560653e-01,-1.662779459306225949e+00
2.841420710355177626e+00,-1.800669776667392918e+00,-3.629850451126802047e-01,-1.659842031734124923e+00
2.851425712856427985e+00,-1.813528976050585051e+00,-3.795845275095103832e-01,-1.656383955583096812e+00
2.861430715357678789e+00,-1.825979730729999417e+00,-3.961474186398257769e-01,-1.652405161264752342e+00
2.871435717858929593e+00,-1.838019236534940370e+00,-4.126682929140749745e-01,-1.647905784446163313e+00
2.881440720360179952e+00,-1.849644781916572223e+00,-4.291416882150768664e-01,-1.642886166049862817e+00
2.891445722861430756e+00,-1.860853748558618292e+00,-4.455621058980237525e-01,-1.637346852253843910e+00
2.901450725362681116e+00,-1.871643611967054088e+00,-4.619240107904756809e-01,-1.631288594491560939e+00
2.911455727863931919e+00,-1.882011942038683605e+00,-4.782218311923661092e-01,-1.624712349451928661e+00
2.921460730365182723e+00,-1.891956403608442860e+00,-4.944499588759976860e-01,-1.617619279079323569e+00
2.931465732866433083e+00,-1.901474756975333413e+00,-5.106027490860436391e-01,-1.610010750573582339e+00
2.941470735367683886e+00,-1.910564858406846867e+00,-5.266745205395499951e-01,-1.601888336390002276e+00
2.951475737868934246e+00,-1.919224660621777545e+00,-5.426597840128040140e-01,-1.593253711188640231e+00
2.961480740370185050e+00,-1.927452213251316770e+00,-5.585591549201770478e-01,-1.584105677928321798e+00
2.971485742871435853e+00,-1.935245663278312600e+00,-5.743695408687720105e-01,-1.574444099511449702e+00
2.981490745372686213e+00,-1.942603255454611766e+00,-5.900849457418715360e-01,-1.564270235983021395e+00
2.991495747873937017e+00,-1.949523332696374789e+00,-6.056994490771665518e-01,-1.553585529923924291e+00
3.001500750375187376e+00,-1.956004336457289217e+00,-6.212072060667517270e-01,-1.542391606450940200e+00
3.011505752876438180e+00,-1.962044807079585063e+00,-6.366024475571310237e-01,-1.530690273216739339e+00
3.021510755377688540e+00,-1.967643384122779837e+00,-6.518794800492118124e-01,-1.518483520409886545e+00
3.031515757878939343e+00,-1.972798806670080562e+00,-6.670326856983110897e-01,-1.505773520754835282e+00
3.041520760380190147e+00,-1.977509913612365500e+00,-6.820565223141499267e-01,-1.492562629511933192e+00
3.051525762881440507e+00,-1.981775643909693185e+00,-6.969455233608559119e-01,-1.478853384477418542e+00
3.061530765382691310e+00,-1.985595036830268612e+00,-7.116942979569650385e-01,-1.464648505983420002e+00
3.071535767883941670e+00,-1.988967232166821697e+00,-7.262975308754171522e-01,-1.449950896897959973e+00
3.081540770385192474e+00,-1.991891470430343425e+00,-7.407499825435611696e-01,-1.434763642624950153e+00
3.091545772886443277e+00,-1.994367093021137904e+00,-7.550464890431505260e-01,-1.419090011104195526e+00
3.101550775387693637e+00,-1.996393542377154384e+00,-7.691819621103450633e-01,-1.402933452811392812e+00
3.111555777888944441e+00,-1.997970362099560138e+00,-7.831513891357129165e-01,-1.386297600758128024e+00
3.121560780390194800e+00,-1.999097197055532682e+00,-7.969498331642261846e-01,-1.369186270491882018e+00
3.131565782891445604e+00,-1.999773793458242022e+00,-8.105724328952659263e-01,-1.351603460096023834e+00
3.141570785392696408e+00,-1.999999998924009370e+00,-8.240144026826179413e-01,-1.333553350189816467e+00
3.151575787893946767e+00,-1.999775762506626586e+00,-8.372710325344741022e-01,-1.315040303928414644e+00
3.161580790395197571e+00,-1.999101134708830552e+00,-8.503376881134347975e-01,-1.296068867002862168e+00
3.171585792896447931e+00,-1.997976267470929379e+00,-8.632098107365047124e-01,-1.276643767640097682e+00
3.181590795397698734e+00,-1.996401414136581787e+00,-8.758829173750963815e-01,-1.256769916602948234e+00
3.191595797898949538e+00,-1.994376929395738518e+00,-8.883526006550284126e-01,-1.236452407190134606e+00
3.201600800400199898e+00,-1.991903269204759575e+00,-9.006145288565245988e-01,-1.215696515236269537e+00
3.211605802901450701e+00,-1.988980990683722139e+00,-9.126644459142176924e-01,-1.194507699111854615e+00
3.221610805402701061e+00,-1.985610751990947387e+00,-9.244981714171444098e-01,-1.172891599723286493e+00
3.231615807903951865e+00,-1.981793312174766841e+00,-9.361116006087499830e-01,-1.150854040512849563e+00
3.241620810405202668e+00,-1.977529531002570895e+00,-9.475007043868842738e-01,-1.128401027458723282e+00
3.251625812906453028e+00,-1.972820368767170818e+00,-9.586615293038043273e-01,-1.105538749074977733e+00
3.261630815407703832e+00,-1.967666886070519094e+00,-9.695901975661745942e-01,-1.082273576411572291e+00
3.271635817908954191e+00,-1.962070243584842277e+00,-9.802829070350639329e-01,-1.058612063054361840e+00
3.281640820410204995e+00,-1.956031701791230759e+00,-9.907359312259499395e-01,-1.034560945125088338e+00
3.291645822911455799e+00,-1.949552620695754079e+00,-1.000945619308714951e+00,-1.010127141281389251e+00
3.301650825412706158e+00,-1.942634459523158386e+00,-1.010908396107647711e+00,-9.853177527167926719e-01
3.311655827913956962e+00,-1.935278776388216659e+00,-1.020620762101444923e+00,-9.601400631607158731e-01
3.321660830415207322e+00,-1.927487227944813197e+00,-1.030079293423208142e+00,-9.346015388784711941e-01
3.331665832916458125e+00,-1.919261569012823410e+00,-1.039280641860446774e+00,-9.087098286712589346e-01
3.341670835417708929e+00,-1.910603652182899070e+00,-1.048221534855075410e+00,-8.824727638761741266e-01
3.351675837918959289e+00,-1.901515427399222524e+00,-1.056898775503415155e+00,-8.558983583662029826e-01
3.361680840420210092e+00,-1.891998941520336430e+00,-1.065309242556195191e+00,-8.289948085502201192e-01
3.371685842921460452e+00,-1.882056337858153627e+00,-1.073449890418548547e+00,-8.017704933729965511e-01
3.381690845422711256e+00,-1.871689855695232163e+00,-1.081317749150017438e+00,-7.742339743151899212e-01
3.391695847923962059e+00,-1.860901829780448491e+00,-1.088909924464548151e+00,-7.463939953933530491e-01
3.401700850425212419e+00,-1.849694689803157210e+00,-1.096223597730494603e+00,-7.182594831599306007e-01
3.411705852926463223e+00,-1.838070959845977459e+00,-1.103256025970617671e+00,-6.898395467032543138e-01
3.421710855427713582e+00,-1.826033257816317423e+00,-1.110004541862082750e+00,-6.611434776475536568e-01
3.431715857928964386e+00,-1.813584294856762424e+00,-1.116466553736464418e+00,-6.321807501529440598e-01
3.441720860430215190e+00,-1.800726874734474903e+00,-1.122639545579741327e+00,-6.029610209154360190e-01
3.451725862931465549e+00,-1.787463893209721322e+00,-1.128521077032299091e+00,-5.734941291669317653e-01
3.461730865432716353e+00,-1.773798337383691859e+00,-1.134108783388930952e+00,-5.437900966752220455e-01
3.471735867933966713e+00,-1.759733285025737448e+00,-1.139400940389544870e+00,-5.138546382367598087e-01
3.481740870435217516e+00,-1.745271903880194708e+00,-1.144396435126266098e+00,-4.836862272629366410e-01
3.491745872936468320e+00,-1.730417450952943748e+00,-1.149092506598944796e+00,-4.532942606327307056e-01
3.501750875437718680e+00,-1.715173271777862718e+00,-1.153486433961350199e+00,-4.226887350542265498e-01
3.511755877938969483e+00,-1.699542799663339432e+00,-1.157575621744947991e+00,-3.918796469826118511e-01
3.521760880440219843e+00,-1.683529554919022120e+00,-1.161357599858897860e+00,-3.608769926201868539e-01
3.531765882941470647e+00,-1.667137144062973420e+00,-1.164830023590056607e+00,-3.296907679163536553e-01
3.541770885442721450e+00,-1.650369259009401013e+00,-1.167990673602975704e+00,-2.983309685676255874e-01
3.551775887943971810e+00,-1.633229676237168970e+00,-1.170837455939902627e+00,-2.668075900176231641e-01
3.561780890445222614e+00,-1.615722255939247454e+00,-1.173368402020780632e+00,-2.351306274570700849e-01
3.571785892946472973e+00,-1.597850941153324822e+00,-1.175581668643248090e+00,-2.033100758238028938e-01
3.581790895447723777e+00,-1.579619756873745340e+00,-1.177475537982639597e+00,-1.713559298027593214e-01
3.591795897948974581e+00,-1.561032809144999867e+00,-1.179048417591984643e+00,-1.392781838259888882e-01
3.601800900450224940e+00,-1.542094284136960924e+00,-1.180298840402009386e+00,-1.070868320726482414e-01
3.611805902951475744e+00,-1.522808447202063098e+00,-1.181225464721134433e+00,-7.479186846899704699e-02
3.621810905452726104e+00,-1.503179641914664799e+00,-1.181827074235477060e+00,-4.240328668840764870e-02
3.631815907953976907e+00,-1.483212289092774583e+00,-1.182102578008849436e+00,-9.931080151354021446e-03
3.641820910455227711e+00,-1.462910885802399363e+00,-1.182051010482759734e+00,2.261475797457823678e-02
3.651825912956478071e+00,-1.442280004344708377e+00,-1.181671531476411685e+00,5.522423477469629027e-02
3.661830915457728874e+00,-1.421324291226246928e+00,-1.180963426186704579e+00,8.788735758720500613e-02
3.671835917958979234e+00,-1.400048466112461032e+00,-1.179926105188233265e+00,1.205941340031956299e-01
3.681840920460230038e+00,-1.378457320764715499e+00,-1.178559104433288374e+00,1.533345718666579982e-01
3.691845922961480841e+00,-1.356555717961099194e+00,-1.176862085251856094e+00,1.860986792744712126e-01
3.701850925462731201e+00,-1.334348590401221557e+00,-1.174834834351618618e+00,2.188764645764056382e-01
3.711855927963982005e+00,-1.311840939595261490e+00,-1.172477263817952586e+00,2.516579363751303422e-01
3.721860930465232364e+00,-1.289037834737532862e+00,-1.169789411113931976e+00,2.844331035262008811e-01
3.731865932966483168e+00,-1.265944411564779770e+00,-1.166771439080324990e+00,3.171919751380707364e-01
3.741870935467733972e+00,-1.242565871199518890e+00,-1.163423635935595835e+00,3.499245605720826546e-01
3.751875937968984331e+00,-1.218907478978628278e+00,-1.159746415275905163e+00,3.826208694424716450e-01
3.761880940470235135e+00,-1.194974563267479972e+00,-1.155740316075107854e+00,4.152709116163704195e-01
3.771885942971485495e+00,-1.170772514259891040e+00,-1.151406002684755459e+00,4.478646972137981797e-01
3.781890945472736298e+00,-1.146306782764126897e+00,-1.146744264834094640e+00,4.803922366076729400e-01
3.791895947973987102e+00,-1.121582878975277309e+00,-1.141756017630068065e+00,5.128435404238012030e-01
3.801900950475237462e+00,-1.096606371234234434e+00,-1.136442301557313739e+00,5.452086195408822888e-01
3.811905952976488265e+00,-1.071382884773590893e+00,-1.130804282478165446e+00,5.774774850905122214e-01
3.821910955477738625e+00,-1.045918100450722532e+00,-1.124843251632652530e+00,6.096401484571747353e-01
3.831915957978989429e+00,-1.020217753468332322e+00,-1.118560625638499895e+00,6.416866212782512680e-01
3.841920960480240232e+00,-9.942876320827720438e-01,-1.111957946491128002e+00,6.736069154440129658e-01
3.851925962981490592e+00,-9.681335763003956485e-01,-1.105036881563653761e+00,7.053910430976226831e-01
3.861930965482741396e+00,-9.417614765622787099e-01,-1.097799223606888086e+00,7.370290166351405325e-01
3.871935967983991755e+00,-9.151772724175571971e-01,-1.090246890749339226e+00,7.685108487055141158e-01
3.881940970485242559e+00,-8.883869511857211965e-01,-1.082381926497209879e+00,7.998265522105894032e-01
3.891945972986492919e+00,-8.613965466081500155e-01,-1.074206499734398967e+00,8.309661403050989659e-01
3.901950975487743722e+00,-8.342121374891763308e-01,-1.065722904722500752e+00,8.619196263966748539e-01
3.911955977988994526e+00,-8.068398463270244347e-01,-1.056933561100805052e+00,8.926770241458366062e-01
3.921960980490244886e+00,-7.792858379348831521e-01,-1.047841013886298356e+00,9.232283474659972455e-01
3.931965982991495689e+00,-7.515563180524732489e-01,-1.038447933473660711e+00,9.535636105234666093e-01
3.941970985492746049e+00,-7.236575319483737889e-01,-1.028756426918685518e+00,9.836745249944968128e-01
3.951975987993996853e+00,-6.955957630134615988e-01,-1.018766046342305165e+00,1.013558364287259206e+00
3.961980990495247656e+00,-6.673773313457637135e-01,-1.008478773747816692e+00,1.043205359042923108e+00
3.971985992996498016e+00,-6.390085923270349966e-01,-9.978970269917630809e-01,1.072604964863655974e+00
3.981990995497748820e+00,-6.104959351913904486e-01,-9.870233085782853522e-01,1.101746804067745611e+00
3.991995997998999179e+00,-5.818457815863187221e-01,-9.758602056591272333e-01,1.130620665689590965e+00
4.002001000500250427e+00,-5.530645841263960305e-01,-9.644103900336302715e-01,1.159216505479713444e+00
4.012006003001500787e+00,-5.241588249400193078e-01,-9.526766181487393848e-01,1.187524445904742487e+00
4.022011005502751146e+00,-4.951350142094911311e-01,-9.406617310989973113e-01,1.215534776147430662e+00
4.032016008004001506e+00,-4.659996887047959668e-01,-9.283686546265474959e-01,1.243237952106645228e+00
4.042021010505252754e+00,-4.367594103113770498e-01,-9.158003991211332018e-01,1.270624596397371242e+00
4.052026013006503113e+00,-4.074207645522783805e-01,-9.029600596201005080e-01,1.297685498350703348e+00
4.062031015507753473e+00,-3.779903591049171285e-01,-8.898508158083930919e-01,1.324411614013859539e+00
4.072036018009004721e+00,-3.484748223129261469e-01,-8.764759320185545599e-01,1.350794066150174499e+00
4.082041020510255080e+00,-3.188808016932981881e-01,-8.628387572307322229e-01,1.376824144239091607e+00
4.092046023011505440e+00,-2.892149624392239549e-01,-8.489427250726704344e-01,1.402493304476178038e+00
4.102051025512756688e+00,-2.594839859189548292e-01,-8.347913538197135885e-01,1.427793169773116766e+00
4.112056028014007047e+00,-2.296945681710219067e-01,-8.203882463948098946e-01,1.452715529757700796e+00
4.122061030515257407e+00,-1.998534183961465094e-01,-8.057370903685043828e-01,1.477252340773845596e+00
4.132066033016507767e+00,-1.699672574461752184e-01,-7.908416579589434559e-01,1.501395725881581988e+00
4.142071035517759015e+00,-1.400428163104243395e-01,-7.757058060318725579e-01,1.525137974857057044e+00
4.152076038019009374e+00,-1.100868345997080139e-01,-7.603334761006413922e-01,1.548471544192529858e+00
4.162081040520259734e+00,-8.010605902843478954e-02,-7.447286943261957060e-01,1.571389057096380881e+00
4.172086043021510982e+00,-5.010724189510983029e-02,-7.288955715170819527e-01,1.593883303493107917e+00
4.182091045522761341e+00,-2.009713956157944958e-02,-7.128383031294502903e-01,1.615947240023318354e+00
4.192096048024011701e+00,9.917489068644839631e-03,-6.965611692670476973e-01,1.637573990043741379e+00
4.202101050525262949e+00,3.992988407264715101e-02,-6.800685346812209708e-01,1.658756843627223088e+00
4.212106053026513308e+00,6.993328603055325166e-02,-6.633648487709216113e-01,1.679489257562720717e+00
4.222111055527763668e+00,9.992093754792363836e-02,-6.464546455826971627e-01,1.699764855355312632e+00
4.232116058029014027e+00,1.298860847776442951e-01,-6.293425438106967640e-01,1.719577427226191668e+00
4.242121060530265275e+00,1.598219789410398883e-01,-6.120332467966680401e-01,1.738920930112668906e+00
4.252126063031515635e+00,1.897218778478346191e-01,-5.945315425299642076e-01,1.757789487668167006e+00
4.262131065532765994e+00,2.195790474146365190e-01,-5.768423036475334165e-01,1.776177390262229316e+00
4.272136068034017242e+00,2.493867631816082397e-01,-5.589704874339245233e-01,1.794079094980515654e+00
4.282141070535267602e+00,2.791383118269261110e-01,-5.409211358212910881e-01,1.811489225624797639e+00
4.292146073036517961e+00,3.088269926787908237e-01,-5.226993753893821593e-01,1.828402572712967800e+00
4.302151075537768321e+00,3.384461192245431516e-01,-5.043104173655491573e-01,1.844814093479033801e+00
4.312156078039019569e+00,3.679890206166120947e-01,-4.857595576247415448e-01,1.860718911873119552e+00
4.322161080540269928e+00,3.974490431749238550e-01,-4.670521766895142646e-01,1.876112318561462988e+00
4.332166083041520288e+00,4.268195518854520087e-01,-4.481937397300176373e-01,1.890989770926421620e+00
4.342171085542771536e+00,4.560939318945753662e-01,-4.291897965640019130e-01,1.905346893066468983e+00
4.352176088044021895e+00,4.852655899988519983e-01,-4.100459816568231552e-01,1.919179475796191303e+00
4.362181090545272255e+00,5.143279561299762825e-01,-3.907680141214321390e-01,1.932483476646295273e+00
4.372186093046523503e+00,5.432744848344837063e-01,-3.713616977183802348e-01,1.945255019863603163e+00
4.382191095547773863e+00,5.720986567479121598e-01,-3.518329208558241827e-01,1.957490396411051048e+00
4.392196098049024222e+00,6.007939800631278970e-01,-3.321876446990045806e-01,1.969186073515418967e+00
4.402201100550274582e+00,6.293539919923851755e-01,-3.124277383466331215e-01,1.980341709227816382e+00
4.412206103051525830e+00,6.577722602229105764e-01,-2.925559224079777310e-01,1.990955326226802269e+00
4.422211105552776189e+00,6.860423843655636400e-01,-2.725782815599664399e-01,2.001022202080712908e+00
4.432216108054026549e+00,7.141579973963662065e-01,-2.525008874118956914e-01,2.010537843165002503e+00
4.442221110555277797e+00,7.421127670904786866e-01,-2.323297985054358361e-01,2.019497984662239176e+00
4.452226113056528156e+00,7.699003974483372703e-01,-2.120710603146364337e-01,2.027898590562104086e+00
4.462231115557778516e+00,7.975146301136735172e-01,-1.917307052459155114e-01,2.035735853661396089e+00
4.472236118059029764e+00,8.249492457829989966e-01,-1.713147526380649766e-01,2.043006195564027738e+00
4.482241120560280123e+00,8.521980656063360415e-01,-1.508292087622559452e-01,2.049706266681025735e+00
4.492246123061530483e+00,8.792549525788254661e-01,-1.302800668220281399e-01,2.055832946230532254e+00
4.502251125562780842e+00,9.061138129229039384e-01,-1.096733069532966065e-01,2.061383342237805394e+00
4.512256128064032090e+00,9.327685974607552444e-01,-8.901489622434879956e-02,2.066354791535216950e+00
4.522261130565282450e+00,9.592133029766969354e-01,-6.831078863585127170e-02,2.070744859762253309e+00
4.532266133066532809e+00,9.854419735692577786e-01,-4.756692512083915414e-02,2.074551341365516333e+00
4.542271135567784057e+00,1.011448701992544441e+00,-2.678923354472095841e-02,2.077772259598723359e+00
4.552276138069034417e+00,1.037227630986689242e+00,-5.983628705285182203e-03,2.080405866522704983e+00
4.562281140570284776e+00,1.062772954597029917e+00,1.484398766731165331e-02,2.082450643005408608e+00
4.572286143071536024e+00,1.088078919481728413e+00,3.568772691053917478e-02,2.083905298721894894e+00
4.582291145572786384e+00,1.113139826207541372e+00,5.654171342948760559e-02,2.084768772154340422e+00
4.592296148074036743e+00,1.137950030533453338e+00,7.740008469687886805e-02,2.085040230592036803e+00
4.602301150575287103e+00,1.162503944681888113e+00,9.825699125305903392e-02,2.084719070131388907e+00
4.612306153076538351e+00,1.186796038597176306e+00,1.191065967060022657e-01,2.083804915675918412e+00
4.622311155577788711e+00,1.210820841191048602e+00,1.399430777313035446e-01,2.082297620936261140e+00
4.632316158079039070e+00,1.234572941574842542e+00,1.607606240721891622e-01,2.080197268430167945e+00
4.642321160580290318e+00,1.258046990278143484e+00,1.815534385395117800e-01,2.077504169482503382e+00
4.652326163081540678e+00,1.281237700453595973e+00,2.023157370117444342e-01,2.074218864225248815e+00
4.662331165582791037e+00,1.304139849067612822e+00,2.230417484349922486e-01,2.070342121597499307e+00
4.672336168084042285e+00,1.326748278076723242e+00,2.437257148229862169e-01,2.065874939345464956e+00
4.682341170585292645e+00,1.349057895589248490e+00,2.643618912570779855e-01,2.060818544022471333e+00
4.692346173086543004e+00,1.371063677012126503e+00,2.849445458862509550e-01,2.055174390988957711e+00
4.702351175587793364e+00,1.392760666182542240e+00,3.054679599271122870e-01,2.048944164412479729e+00
4.712356178089044612e+00,1.414143976484164122e+00,3.259264276638981217e-01,2.042129777267706281e+00
4.722361180590294971e+00,1.435208791947708340e+00,3.463142564484643637e-01,2.034733371336423069e+00
4.732366183091545331e+00,1.455950368335596767e+00,3.666257667002991161e-01,2.026757317207529052e+00
4.742371185592796579e+00,1.476364034210469134e+00,3.868552919065162410e-01,2.018204214277037778e+00
4.752376188094046938e+00,1.496445191987267886e+00,4.069971786218506971e-01,2.009076890748080491e+00
4.762381190595297298e+00,1.516189318968730548e+00,4.270457864686684202e-01,1.999378403630900136e+00
4.772386193096548546e+00,1.535591968363987370e+00,4.469954881369619937e-01,1.989112038742855137e+00
4.782391195597798905e+00,1.554648770290064874e+00,4.668406693843448751e-01,1.978281310708421392e+00
4.792396198099049265e+00,1.573355432756092798e+00,4.865757290360613885e-01,1.966889962959186722e+00
4.802401200600299624e+00,1.591707742629930422e+00,5.061950789849807286e-01,1.954941967733854868e+00
4.812406203101550872e+00,1.609701566587070865e+00,5.256931441915998482e-01,1.942441526078243275e+00
4.822411205602801232e+00,1.627332852041532663e+00,5.450643626840365741e-01,1.929393067845287746e+00
4.832416208104051591e+00,1.644597628058604322e+00,5.643031855580402656e-01,1.915801251695035567e+00
4.842421210605302839e+00,1.661492006249175146e+00,5.834040769769860413e-01,1.901670965094649057e+00
4.852426213106553199e+00,1.678012181645474943e+00,6.023615141718704491e-01,1.887007324318408230e+00
4.862431215607803558e+00,1.694154433558048511e+00,6.211699874413210143e-01,1.871815674447705691e+00
4.872436218109054806e+00,1.709915126413717346e+00,6.398240001515915765e-01,1.856101589371047522e+00
4.882441220610305166e+00,1.725290710574393760e+00,6.583180687365569606e-01,1.839870871784059059e+00
4.892446223111555526e+00,1.740277723136534727e+00,6.766467226977234128e-01,1.823129553189477337e+00
4.902451225612805885e+00,1.754872788711058007e+00,6.948045046042209405e-01,1.805883893897154646e+00
4.912456228114057133e+00,1.769072620183552269e+00,7.127859700928081965e-01,1.788140383024056757e+00
4.922461230615307493e+00,1.782874019454597336e+00,7.305863848804502458e-01,1.769904572659714015e+00
4.932466233116557852e+00,1.796273878160056681e+00,7.482065989571261566e-01,1.751172182741886463e+00
4.942471235617809100e+00,1.809269178371132325e+00,7.656423486910444165e-01,1.731946362975104847e+00
4.952476238119059460e+00,1.821856993274072467e+00,7.828878863276393929e-01,1.712232897524878839e+00
4.962481240620309819e+00,1.834034487829351523e+00,7.999375734261446880e-01,1.692037676970074456e+00
4.972486243121561067e+00,1.845798919410179151e+00,8.167858808595882536e-01,1.671366698302918508e+00
4.982491245622811427e+00,1.857147638420195035e+00,8.334273888147882836e-01,1.650226064929003922e+00
4.992496248124061786e+00,1.868078088890215760e+00,8.498567867923623176e-01,1.628621986667279753e+00
5.002501250625312146e+00,1.878587809053895885e+00,8.660688736067202464e-01,1.606560779750057621e+00
5.012506253126563394e+00,1.888674431902161777e+00,8.820585573860686424e-01,1.584048866823007939e+00
5.022511255627813753e+00,1.898335685716316279e+00,8.978208555724039863e-01,1.561092776945169014e+00
5.032516258129064113e+00,1.907569394579678335e+00,9.133508949215218831e-01,1.537699145588932836e+00
5.042521260630315361e+00,1.916373478867642755e+00,9.286439115030121760e-01,1.513874714640053520e+00
5.052526263131565720e+00,1.924745955716054668e+00,9.436952507002552837e-01,1.489626332397651964e+00
5.062531265632816080e+00,1.932684939467793406e+00,9.585003672104304151e-01,1.464960953574203861e+00
5.072536268134067328e+00,1.940188642097464333e+00,9.730548250445111291e-01,1.439885639295545694e+00
5.082541270635317687e+00,1.947255373614092733e+00,9.873542975272616706e-01,1.414407557100882062e+00
5.092546273136568047e+00,1.953883542441752885e+00,1.001394567297244853e+00,1.388533980942771251e+00
5.102551275637818406e+00,1.960071655778019561e+00,1.015171526306816840e+00,1.362272291187135220e+00
5.112556278139069654e+00,1.965818319930179969e+00,1.028681175822129035e+00,1.335629974613254944e+00
5.122561280640320014e+00,1.971122240629122002e+00,1.041919626423124745e+00,1.308614624413778849e+00
5.132566283141570374e+00,1.975982223320830622e+00,1.054883098003544406e+00,1.281233940194709486e+00
5.142571285642821621e+00,1.980397173435428426e+00,1.067567919770923801e+00,1.253495727975410201e+00
5.152576288144071981e+00,1.984366096633692234e+00,1.079970530246589622e+00,1.225407900188613564e+00
5.162581290645322341e+00,1.987888099031002165e+00,1.092087477265666129e+00,1.196978475680404497e+00
5.172586293146572700e+00,1.990962387398661493e+00,1.103915417977071600e+00,1.168215579710232710e+00
5.182591295647823948e+00,1.993588269342549291e+00,1.115451118843519440e+00,1.139127443950905594e+00
5.192596298149074308e+00,1.995765153459061025e+00,1.126691455641515072e+00,1.109722406488599322e+00
5.202601300650324667e+00,1.997492549468306011e+00,1.137633413461361043e+00,1.080008911822843309e+00
5.212606303151575915e+00,1.998770068324528637e+00,1.148274086707155028e+00,1.049995510866528203e+00
5.222611305652826275e+00,1.999597422303728944e+00,1.158610679096785390e+00,1.019690860945913657e+00
5.232616308154076634e+00,1.999974425068464789e+00,1.168640503661938945e+00,9.891037258006123434e-01
5.242621310655327882e+00,1.999900991709818054e+00,1.178360982748096308e+00,9.582429755835978336e-01
5.252626313156578242e+00,1.999377138766519346e+00,1.187769648014530777e+00,9.271175868612123727e-01
5.262631315657828601e+00,1.998402984221221423e+00,1.196864140434312107e+00,8.957366426131521120e-01
5.272636318159078961e+00,1.996978747473928895e+00,1.205642210294304295e+00,8.641093322324762127e-01
5.282641320660330209e+00,1.995104749292582635e+00,1.214101717195166019e+00,8.322449515256024055e-01
5.292646323161580568e+00,1.992781411740818243e+00,1.222240630051349086e+00,8.001529027123176485e-01
5.302651325662830928e+00,1.990009258082906740e+00,1.230057027091101318e+00,7.678426944257612519e-01
5.312656328164082176e+00,1.986788912665905293e+00,1.237549095856465664e+00,7.353239417124339816e-01
5.322661330665332535e+00,1.983121100779042134e+00,1.244715133203277313e+00,7.026063660322063864e-01
5.332666333166582895e+00,1.979006648490363451e+00,1.251553545301168358e+00,6.696997952583005898e-01
5.342671335667834143e+00,1.974446482460688435e+00,1.258062847633564907e+00,6.366141636773008372e-01
5.352676338169084502e+00,1.969441629734904886e+00,1.264241664997686199e+00,6.033595119891597136e-01
5.362681340670334862e+00,1.963993217510657363e+00,1.270088731504547486e+00,5.699459873071834881e-01
5.372686343171585222e+00,1.958102472884476919e+00,1.275602890578958482e+00,5.363838431580418842e-01
5.382691345672836469e+00,1.951770722575414396e+00,1.280783094959523805e+00,5.026834394817625284e-01
5.392696348174086829e+00,1.944999392626239665e+00,1.285628406698640980e+00,4.688552426317420530e-01
5.402701350675337189e+00,1.937790008082258097e+00,1.290137997162503547e+00,4.349098253747314402e-01
5.412706353176588436e+00,1.930144192647846868e+00,1.294311147031099507e+00,4.008578668908409082e-01
5.422711355677838796e+00,1.922063668320758811e+00,1.298147246298211099e+00,3.667101527735512345e-01
5.432716358179089156e+00,1.913550255004290435e+00,1.301646010502069073e+00,3.324733709873936016e-01
5.442721360680340403e+00,1.904605870097406894e+00,1.304807214954356143e+00,2.981448665506208906e-01
5.452726363181590763e+00,1.895232528062899657e+00,1.307629495426102073e+00,2.637347092065545073e-01
5.462731365682841123e+00,1.885432339973690086e+00,1.310111532743019280e+00,2.292539513994434341e-01
5.472736368184091482e+00,1.875207513037365770e+00,1.312252129278820068e+00,1.947135615691442945e-01
5.482741370685342730e+00,1.864560350099079500e+00,1.314050208955215071e+00,1.601244241511152189e-01
5.492746373186593090e+00,1.853493249122894149e+00,1.315504817241914148e+00,1.254973395764282240e-01
5.502751375687843449e+00,1.842008702651715124e+00,1.316615121156627044e+00,9.084302427175100503e-02
5.512756378189094697e+00,1.830109297245910760e+00,1.317380409265062502e+00,5.617211065935556746e-02
5.522761380690345057e+00,1.817797712900773854e+00,1.317800091680928265e+00,2.149514715712796953e-02
5.532766383191595416e+00,1.805076722442925385e+00,1.317873700065931297e+00,-1.317740182145027417e-02
5.542771385692846664e+00,1.791949190905811395e+00,1.317600887629778228e+00,-4.783515586729303326e-02
5.552776388194097024e+00,1.778418074884452693e+00,1.316981429130174686e+00,-8.246781857570040231e-02
5.562781390695347383e+00,1.764486421869539301e+00,1.316015220872825520e+00,-1.170651775463767419e-01
5.572786393196597743e+00,1.750157369561080367e+00,1.314702280711434801e+00,-1.516171043834190213e-01
5.582791395697848991e+00,1.735434145161732111e+00,1.313042748047705821e+00,-1.861135546953225361e-01
5.592796398199099350e+00,1.720320064649958791e+00,1.311036883831341315e+00,-2.205445680949684739e-01
5.602801400700349710e+00,1.704818532033207878e+00,1.308685070560043240e+00,-2.549002681996430653e-01
5.612806403201600958e+00,1.688933038581249546e+00,1.305987812279512328e+00,-2.891708626310273145e-01
5.622811405702851317e+00,1.672667162039879862e+00,1.302945734583449200e+00,-3.233466430151886728e-01
5.632816408204101677e+00,1.656024565825131134e+00,1.299559584613553476e+00,-3.574179849825993571e-01
5.642821410705352925e+00,1.639008998198195011e+00,1.295830231059523552e+00,-3.913753481681262469e-01
5.652826413206603284e+00,1.621624291421238206e+00,1.291758664159057934e+00,-4.252092762110232238e-01
5.662831415707853644e+00,1.603874360894288031e+00,1.287345995697854129e+00,-4.589103967549479357e-01
5.672836418209104004e+00,1.585763204273416882e+00,1.282593459009608194e+00,-4.924694214479508059e-01
5.682841420710355251e+00,1.567294900570367799e+00,1.277502408976015635e+00,-5.258771459424806949e-01
5.692846423211605611e+00,1.548473609233900650e+00,1.272074322026772508e+00,-5.591244498953722442e-01
5.702851425712855971e+00,1.529303569212970393e+00,1.266310796139572536e+00,-5.922022969678648607e-01
5.712856428214107218e+00,1.509789098002037644e+00,1.260213550840108665e+00,-6.251017348255930584e-01
5.722861430715357578e+00,1.489934590668694936e+00,1.253784427202074836e+00,-6.578138951385781308e-01
5.732866433216607938e+00,1.469744518863773663e+00,1.247025387847162436e+00,-6.903299935812452492e-01
5.742871435717859185e+00,1.449223429814260999e+00,1.239938516945062297e+00,-7.226413298324148027e-01
5.752876438219109545e+00,1.428375945299159788e+00,1.232526020213465801e+00,-7.547392875752947372e-01
5.762881440720359905e+00,1.407206760608559426e+00,1.224790224918062442e+00,-7.866153344974951001e-01
5.772886443221610264e+00,1.385720643486173520e+00,1.216733579872540938e+00,-8.182610222910207121e-01
5.782891445722861512e+00,1.363922433055533734e+00,1.208358655438589002e+00,-8.496679866522733882e-01
5.792896448224111872e+00,1.341817038730123146e+00,1.199668143525895569e+00,-8.808279472820410572e-01
5.802901450725362231e+00,1.319409439107663173e+00,1.190664857592146353e+00,-9.117327078855173017e-01
5.812906453226613479e+00,1.296704680848844271e+00,1.181351732643026731e+00,-9.423741561722889237e-01
5.822911455727863839e+00,1.273707877540702693e+00,1.171731825232223301e+00,-9.727442638563321697e-01
5.832916458229114198e+00,1.250424208544938187e+00,1.161808313461420106e+00,-1.002835086656024499e+00
5.842921460730365446e+00,1.226858917831402662e+00,1.151584496980299743e+00,-1.032638764294139921e+00
5.852926463231615806e+00,1.203017312797064697e+00,1.141063796986546697e+00,-1.062147520497840114e+00
5.862931465732866165e+00,1.178904763070664607e+00,1.130249756225842672e+00,-1.091353662998688412e+00
5.872936468234116525e+00,1.154526699303352721e+00,1.119146038991868819e+00,-1.120249583532643589e+00
5.882941470735367773e+00,1.129888611945610188e+00,1.107756431126304841e+00,-1.148827757840059194e+00
5.892946473236618132e+00,1.104996050010676356e+00,1.096084840018832551e+00,-1.177080745665678663e+00
5.902951475737868492e+00,1.079854619824785367e+00,1.084135294607130540e+00,-1.205001190758647978e+00
5.912956478239119740e+00,1.054469983764522611e+00,1.071911945376875508e+00,-1.232581820872507894e+00
5.922961480740370099e+00,1.028847858981525976e+00,1.059419064361747820e+00,-1.259815447765187280e+00
5.932966483241620459e+00,1.002994016114870268e+00,1.046661045143422841e+00,-1.286694967199017992e+00
5.942971485742871707e+00,9.769142779913864150e-01,1.033642402851575826e+00,-1.313213358940726661e+00
5.952976488244122066e+00,9.506145183142568067e-01,1.020367774163884356e+00,-1.339363686761428918e+00
5.962981490745372426e+00,9.241006603401223929e-01,1.006838063712386599e+00,-1.365142299630477396e+00
5.972986493246622786e+00,8.973786755450472441e-01,9.930522807668121787e-01,-1.390546106514696678e+00
5.982991495747874033e+00,8.704545822796044829e-01,9.790143674102620430e-01,-1.415567377611975264e+00
5.992996498249124393e+00,8.433344444134368567e-01,9.647283394934382805e-01,-1.440198546784922540e+00
6.003001500750374753e+00,8.160243699695368669e-01,9.501982564074387128e-01,-1.464432238924282981e+00
6.013006503251626000e+00,7.885305097485786341e-01,9.354282210837613354e-01,-1.488261269948928600e+00
6.023011505752876360e+00,7.608590559436652079e-01,9.204223799943083151e-01,-1.511678646805852955e+00
6.033016508254126720e+00,7.330162407456740636e-01,9.051849231513775518e-01,-1.534677567470183579e+00
6.043021510755377079e+00,7.050083349396601973e-01,8.897200841076684519e-01,-1.557251420945174214e+00
6.053026513256628327e+00,6.768416464925475218e-01,8.740321399562789306e-01,-1.579393787262208360e+00
6.063031515757878687e+00,6.485225191324325289e-01,8.581254113307112963e-01,-1.601098437480790615e+00
6.073036518259129046e+00,6.200573309198507133e-01,8.420042624048635904e-01,-1.622359333688560667e+00
6.083041520760380294e+00,5.914524928112900870e-01,8.256731008930335847e-01,-1.643170629001284855e+00
6.093046523261630654e+00,5.627144472153299271e-01,8.091363780499236658e-01,-1.663526667562852612e+00
6.103051525762881013e+00,5.338496665416617715e-01,7.923985886706318427e-01,-1.683421984545286021e+00
6.113056528264132261e+00,5.048646517433709180e-01,7.754642710906560765e-01,-1.702851306148735810e+00
6.123061530765382621e+00,4.757659308527886766e-01,7.583380071858987215e-01,-1.721809549601474476e+00
6.133066533266632980e+00,4.465600575112293469e-01,7.410244223726578650e-01,-1.740291823159908269e+00
6.143071535767883340e+00,4.172536094929968908e-01,7.235281856076329898e-01,-1.758293426108568980e+00
6.153076538269134588e+00,3.878531872239013301e-01,7.058540093879218658e-01,-1.775809848760118381e+00
6.163081540770384947e+00,3.583654122947462217e-01,6.880066497510272105e-01,-1.792836772455340899e+00
6.173086543271635307e+00,3.287969259699627389e-01,6.699909062748470312e-01,-1.809370069563153827e+00
6.183091545772886555e+00,2.991543876918785205e-01,6.518116220776791758e-01,-1.825405803480602218e+00
6.193096548274136914e+00,2.694444735808927405e-01,6.334736838182264407e-01,-1.840940228632854447e+00
6.203101550775387274e+00,2.396738749318287065e-01,6.149820216955863561e-01,-1.855969790473211312e+00
6.213106553276638522e+00,2.098492967069525428e-01,5.963416094492575148e-01,-1.870491125483101147e+00
6.223111555777888881e+00,1.799774560258612932e-01,5.775574643591423474e-01,-1.884501061172076053e+00
6.233116558279139241e+00,1.500650806526362402e-01,5.586346472455387957e-01,-1.897996616077820331e+00
6.243121560780389601e+00,1.201189074806309071e-01,5.395782624691464191e-01,-1.910974999766145155e+00
6.253126563281640848e+00,9.014568101516723386e-02,5.203934579310631747e-01,-1.923433612830989459e+00
6.263131565782891208e+00,6.015215185453903768e-02,5.010854250727920789e-01,-1.935370046894417717e+00
6.273136568284141568e+00,3.014507516962155673e-02,4.816593988762309930e-01,-1.946782084606625052e+00
6.283141570785392815e+00,1.312091824868646191e-04,4.621206578636780637e-01,-1.957667699645934789e+00
6.293146573286643175e+00,-2.988268635570346526e-02,4.424745240978359417e-01,-1.968025056718794907e+00
6.303151575787893535e+00,-5.988985168712879920e-02,4.227263631818028999e-01,-1.977852511559784254e+00
6.313156578289144782e+00,-8.988352856976265792e-02,4.028815842590766083e-01,-1.987148610931608994e+00
6.323161580790395142e+00,-1.198569617994490605e-01,3.829456400135603511e-01,-1.995912092625101497e+00
6.333166583291645502e+00,-1.498034007313265858e-01,3.629240266695520356e-01,-2.004141885459223449e+00
6.343171585792895861e+00,-1.797161008002256533e-01,3.428222839917511866e-01,-2.011837109281064961e+00
6.353176588294147109e+00,-2.095883250396645137e-01,3.226459952852561708e-01,-2.018997074965842575e+00
6.363181590795397469e+00,-2.394133455991658554e-01,3.024007873955695258e-01,-2.025621284416900814e+00
6.373186593296647828e+00,-2.691844452595202331e-01,2.820923307085899667e-01,-2.031709430565713514e+00
6.383191595797899076e+00,-2.988949189456233113e-01,2.617263391506150505e-01,-2.037261397371881166e+00
6.393196598299149436e+00,-3.285380752366132140e-01,2.413085701883481704e-01,-2.042277259823130908e+00
6.403201600800399795e+00,-3.581072378729117101e-01,2.208448248288870097e-01,-2.046757283935320526e+00
6.413206603301651043e+00,-3.875957472598717812e-01,2.003409476197298700e-01,-2.050701926752434900e+00
6.423211605802901403e+00,-4.169969619676364703e-01,1.798028266487802229e-01,-2.054111836346584230e+00
6.433216608304151762e+00,-4.463042602269423620e-01,1.592356085987472747e-01,-2.056987792619682676e+00
6.443221610805402122e+00,-4.755110414204734015e-01,1.386390504877248464e-01,-2.059329733614650770e+00
6.453226613306653370e+00,-5.046107275694722283e-01,1.180178782548301636e-01,-2.061137051326993319e+00
6.463231615807903729e+00,-5.335967648152178944e-01,9.737812848184383696e-02,-2.062409311705643677e+00
6.473236618309154089e+00,-5.624626248951023477e-01,7.672578872546365059e-02,-2.063146249489947071e+00
6.483241620810405337e+00,-5.912018066129457461e-01,5.606679751731001582e-02,-2.063347768209661925e+00
6.493246623311655696e+00,-6.198078373031644661e-01,3.540704436393163346e-02,-2.063013940184959427e+00
6.503251625812906056e+00,-6.482742742885950760e-01,1.475236974679430824e-02,-2.062145006526423963e+00
6.513256628314157304e+00,-6.765947063314996512e-01,-5.891434877713541685e-03,-2.060741377135051344e+00
6.523261630815407663e+00,-7.047627550774909766e-01,-2.651862707827515320e-02,-2.058803630702251475e+00
6.533266633316658023e+00,-7.327720764921145102e-01,-4.712351344865667313e-02,-2.056332514709846127e+00
6.543271635817908383e+00,-7.606163622896184862e-01,-6.770044960769974751e-02,-2.053328945430069830e+00
6.553276638319159630e+00,-7.882893413537414018e-01,-8.824384019932518530e-02,-2.049794007925570316e+00
6.563281640820409990e+00,-8.157847811500753554e-01,-1.087481388925256032e-01,-2.045728956049407632e+00
6.573286643321660350e+00,-8.430964891297773045e-01,-1.292078483813763889e-01,-2.041135212445054581e+00
6.583291645822911597e+00,-8.702183141242566533e-01,-1.496175203850303448e-01,-2.036014368546396724e+00
6.593296648324161957e+00,-8.971441477305444057e-01,-1.699717556477119418e-01,-2.030368184577732826e+00
6.603301650825412317e+00,-9.238679256870462320e-01,-1.902652039387286997e-01,-2.024198589553773076e+00
6.613306653326663564e+00,-9.503836292393217366e-01,-2.104925640524651920e-01,-2.017507681279641751e+00
6.623311655827913924e+00,-9.766852864956473423e-01,-2.306485838083780493e-01,-2.010297726350875003e+00
6.633316658329164284e+00,-1.002766973772004411e+00,-2.507280600510065072e-01,-2.002571160153422625e+00
6.643321660830414643e+00,-1.028622816926226591e+00,-2.707258386499656888e-01,-1.994330586863646060e+00
6.653326663331665891e+00,-1.054246992680976769e+00,-2.906368144999492142e-01,-1.985578779448319064e+00
6.663331665832916251e+00,-1.079633729935248532e+00,-3.104559315207231496e-01,-1.976318679664630151e+00
6.673336668334166610e+00,-1.104777311064180312e+00,-3.301781826571361100e-01,-1.966553398060179259e+00
6.683341670835417858e+00,-1.129672073206749783e+00,-3.497986098791138199e-01,-1.956286213972977528e+00
6.693346673336668218e+00,-1.154312409541180529e+00,-3.693123041816545049e-01,-1.945520575531452634e+00
6.703351675837918577e+00,-1.178692770547725699e+00,-3.887144055848382740e-01,-1.934260099654441678e+00
6.713356678339169825e+00,-1.202807665258517567e+00,-4.080001031338231776e-01,-1.922508572051194520e+00
6.723361680840420185e+00,-1.226651662494260275e+00,-4.271646348988392683e-01,-1.910269947221376663e+00
6.733366683341670544e+00,-1.250219392087440262e+00,-4.462032879751987036e-01,-1.897548348455063483e+00
6.743371685842920904e+00,-1.273505546091809881e+00,-4.651113984832898618e-01,-1.884348067832744000e+00
6.753376688344172152e+00,-1.296504879977833591e+00,-4.838843515685795627e-01,-1.870673566225318885e+00
6.763381690845422511e+00,-1.319212213813874657e+00,-5.025175814016074050e-01,-1.856529473294104671e+00
6.773386693346672871e+00,-1.341622433432820838e+00,-5.210065711779947595e-01,-1.841920587490827321e+00
6.783391695847924119e+00,-1.363730491583911020e+00,-5.393468531184405501e-01,-1.826851876057625557e+00
6.793396698349174478e+00,-1.385531409069466813e+00,-5.575340084687162578e-01,-1.811328475027054630e+00
6.803401700850424838e+00,-1.407020275866319725e+00,-5.755636674996759128e-01,-1.795355689222078333e+00
6.813406703351676086e+00,-1.428192252231661241e+00,-5.934315095072497659e-01,-1.778938992256072993e+00
6.823411705852926445e+00,-1.449042569793027146e+00,-6.111332628124416244e-01,-1.762084026532832803e+00
6.833416708354176805e+00,-1.469566532622265997e+00,-6.286647047613368455e-01,-1.744796603246559386e+00
6.843421710855427165e+00,-1.489759518293145124e+00,-6.460216617250968962e-01,-1.727082702381869117e+00
6.853426713356678412e+00,-1.509616978922413200e+00,-6.632000090999615738e-01,-1.708948472713788913e+00
6.863431715857928772e+00,-1.529134442194087562e+00,-6.801956713072440097e-01,-1.690400231807763554e+00
6.873436718359179132e+00,-1.548307512366708716e+00,-6.970046217933384414e-01,-1.671444466019646136e+00
6.883441720860430380e+00,-1.567131871263361287e+00,-7.136228830297175474e-01,-1.652087830495701626e+00
6.893446723361680739e+00,-1.585603279244205854e+00,-7.300465265129257864e-01,-1.632337149172613078e+00
6.903451725862931099e+00,-1.603717576161342251e+00,-7.462716727645902770e-01,-1.612199414777471640e+00
6.913456728364181458e+00,-1.621470682295758969e+00,-7.622944913314129156e-01,-1.591681788827782107e+00
6.923461730865432706e+00,-1.638858599276177941e+00,-7.781112007851752610e-01,-1.570791601631460477e+00
6.933466733366683066e+00,-1.655877410979561093e+00,-7.937180687227317621e-01,-1.549536352286841057e+00
6.943471735867933425e+00,-1.672523284413107936e+00,-8.091114117660178628e-01,-1.527923708682665582e+00
6.953476738369184673e+00,-1.688792470577534122e+00,-8.242875955620471151e-01,-1.505961507498087659e+00
6.963481740870435033e+00,-1.704681305311403383e+00,-8.392430347829058501e-01,-1.483657754202680090e+00
6.973486743371685392e+00,-1.720186210116398717e+00,-8.539759071221370013e-01,-1.461015234596285461e+00
6.983491745872936640e+00,-1.735303692963262145e+00,-8.684861175783474829e-01,-1.438029750550493313e+00
6.993496748374187000e+00,-1.750030349078263825e+00,-8.827696760820944455e-01,-1.414708045679474502e+00
7.003501750875437359e+00,-1.764362861710051078e+00,-8.968225559521909585e-01,-1.391057304096610547e+00
7.013506753376687719e+00,-1.778298002876628203e+00,-9.106408355310902092e-01,-1.367084733784773576e+00
7.023511755877938967e+00,-1.791832634092382692e+00,-9.242206981848886116e-01,-1.342797566596323211e+00
7.033516758379189326e+00,-1.804963707074924706e+00,-9.375584323033208101e-01,-1.318203058253113902e+00
7.043521760880439686e+00,-1.817688264431631895e+00,-9.506504312997665629e-01,-1.293308488346482932e+00
7.053526763381690934e+00,-1.830003440325713271e+00,-9.634931936112474116e-01,-1.268121160337255970e+00
7.063531765882941293e+00,-1.841906461121655791e+00,-9.760833226984234612e-01,-1.242648401555755067e+00
7.073536768384191653e+00,-1.853394646009909552e+00,-9.884175270455997087e-01,-1.216897563201784216e+00
7.083541770885442901e+00,-1.864465407610654157e+00,-1.000492620160722934e+00,-1.190876020344635577e+00
7.093546773386693260e+00,-1.875116252556536578e+00,-1.012305520575378592e+00,-1.164591171923098578e+00
7.103551775887943620e+00,-1.885344782054227064e+00,-1.023853251844796919e+00,-1.138050440745443259e+00
7.113556778389193980e+00,-1.895148692424681425e+00,-1.035132942547849266e+00,-1.111261273489431600e+00
7.123561780890445227e+00,-1.904525775621975558e+00,-1.046141826287049215e+00,-1.084231140702312413e+00
7.133566783391695587e+00,-1.913473919730596995e+00,-1.056877241688549240e+00,-1.056967536800830221e+00
7.143571785892945947e+00,-1.921991109441106627e+00,-1.067336632402147156e+00,-1.029477980071211274e+00
7.153576788394197195e+00,-1.930075426504016312e+00,-1.077517547101281448e+00,-1.001770012669170651e+00
7.163581790895447554e+00,-1.937725050161822837e+00,-1.087417639483030163e+00,-9.738512006199200322e-01
7.173586793396697914e+00,-1.944938257559084560e+00,-1.097034668268116464e+00,-9.457291338181526008e-01
7.183591795897949162e+00,-1.951713424130437691e+00,-1.106366497200904186e+00,-9.174114260280504807e-01
7.193596798399199521e+00,-1.958049023966486724e+00,-1.115411095049396728e+00,-8.889057148832919530e-01
7.203601800900449881e+00,-1.963943630157470199e+00,-1.124166535605242156e+00,-8.602196618870371347e-01
7.213606803401700240e+00,-1.969395915114631856e+00,-1.132630997683729213e+00,-8.313609524119373040e-01
7.223611805902951488e+00,-1.974404650869218569e+00,-1.140802765123788642e+00,-8.023372957001304595e-01
7.233616808404201848e+00,-1.978968709349046895e+00,-1.148680226787991865e+00,-7.731564248632502023e-01
7.243621810905452207e+00,-1.983087062632568065e+00,-1.156261876562553192e+00,-7.438260968824131902e-01
7.253626813406703455e+00,-1.986758783180377685e+00,-1.163546313357329387e+00,-7.143540926082231346e-01
7.263631815907953815e+00,-1.989983044044116189e+00,-1.170532241105816329e+00,-6.847482167607821246e-01
7.273636818409204174e+00,-1.992759119052715189e+00,-1.177218468765154125e+00,-6.550162979296717536e-01
7.283641820910455422e+00,-1.995086382975947981e+00,-1.183603910316124663e+00,-6.251661885739639990e-01
7.293646823411705782e+00,-1.996964311665240910e+00,-1.189687584763149397e+00,-5.952057650222269958e-01
7.303651825912956141e+00,-1.998392482171726936e+00,-1.195468616134293782e+00,-5.651429274725097152e-01
7.313656828414206501e+00,-1.999370572841499882e+00,-1.200946233481263725e+00,-5.349855999923532890e-01
7.323661830915457749e+00,-1.999898363388057376e+00,-1.206119770879408248e+00,-5.047417305187842373e-01
7.333666833416708108e+00,-1.999975734941916050e+00,-1.210988667427716159e+00,-4.744192908583275692e-01
7.343671835917958468e+00,-1.999602670077381239e+00,-1.215552467248819823e+00,-4.440262766869873534e-01
7.353676838419209716e+00,-1.998779252816473395e+00,-1.219810819488992948e+00,-4.135707075502579322e-01
7.363681840920460075e+00,-1.997505668610003227e+00,-1.223763478318149689e+00,-3.830606268631304712e-01
7.373686843421710435e+00,-1.995782204295805107e+00,-1.227410302929848207e+00,-3.525041019100763062e-01
7.383691845922961683e+00,-1.993609248034134973e+00,-1.230751257541286670e+00,-3.219092238450562693e-01
7.393696848424212043e+00,-1.990987289220248257e+00,-1.233786411393305249e+00,-2.912841076915286820e-01
7.403701850925462402e+00,-1.987916918374178055e+00,-1.236515938750387011e+00,-2.606368923424311479e-01
7.413706853426712762e+00,-1.984398827007737953e+00,-1.238940118900655474e+00,-2.299757405601949856e-01
7.423711855927964010e+00,-1.980433807468777285e+00,-1.241059336155876824e+00,-1.993088389767359025e-01
7.433716858429214369e+00,-1.976022752762732537e+00,-1.242874079851458369e+00,-1.686443980934684284e-01
7.443721860930464729e+00,-1.971166656351497348e+00,-1.244384944346449640e+00,-1.379906522812863745e-01
7.453726863431715977e+00,-1.965866611929677266e+00,-1.245592629023541509e+00,-1.073558597805726045e-01
7.463731865932966336e+00,-1.960123813178270336e+00,-1.246497938289067298e+00,-7.674830270120835962e-02
7.473736868434216696e+00,-1.953939553495817494e+00,-1.247101781573001222e+00,-4.617628702255438533e-02
7.483741870935467944e+00,-1.947315225707108910e+00,-1.247405173328959727e+00,-1.564814259346136716e-02
7.493746873436718303e+00,-1.940252321749487807e+00,-1.247408884805172091e+00,1.482956276936242025e-02
7.503751875937968663e+00,-1.932752432336833026e+00,-1.247111604495220849e+00,4.525917936865828106e-02
7.513756878439219022e+00,-1.924817246601301823e+00,-1.246513231249494646e+00,7.563380635778958749e-02
7.523761880940470270e+00,-1.916448551712897741e+00,-1.245614060820063429e+00,1.059447865185071391e-01
7.533766883441720630e+00,-1.907648232476965466e+00,-1.244414472745231537e+00,1.361835711312946728e-01
7.543771885942970989e+00,-1.898418270909688621e+00,-1.242914930349539482e+00,1.663417199753847442e-01
7.553776888444222237e+00,-1.888760745791703943e+00,-1.241115980743762393e+00,1.964109013287509420e-01
7.563781890945472597e+00,-1.878677832199913356e+00,-1.239018254824911569e+00,2.263828919680997420e-01
7.573786893446722956e+00,-1.868171801017611822e+00,-1.236622467276232928e+00,2.562495771688864665e-01
7.583791895947974204e+00,-1.857245018423033578e+00,-1.233929416567207449e+00,2.860029507053075126e-01
7.593796898449224564e+00,-1.845899945356445526e+00,-1.230939984953552946e+00,3.156351148502918313e-01
7.603801900950474923e+00,-1.834139136965888595e+00,-1.227655138477220964e+00,3.451382803755178030e-01
7.613806903451725283e+00,-1.821965242031700738e+00,-1.224075926966399219e+00,3.745047665514016910e-01
7.623811905952976531e+00,-1.809381002369964797e+00,-1.220203484035510266e+00,4.037270011471033038e-01
7.633816908454226891e+00,-1.796389252214989130e+00,-1.216039027085212831e+00,4.327975204305156698e-01
7.643821910955477250e+00,-1.782992917580975112e+00,-1.211583857302400258e+00,4.617089691682804697e-01
7.653826913456728498e+00,-1.769195015603025833e+00,-1.206839359660200728e+00,4.904541006257804314e-01
7.663831915957978858e+00,-1.754998653857618107e+00,-1.201807002917979705e+00,5.190257765671312251e-01
7.673836918459229217e+00,-1.740407029662714544e+00,-1.196488339621335939e+00,5.474169672551972843e-01
7.683841920960480465e+00,-1.725423429357653804e+00,-1.190885006102104127e+00,5.756207514515836454e-01
7.693846923461730825e+00,-1.710051227563008425e+00,-1.184998722478355360e+00,6.036303164166292312e-01
7.703851925962981184e+00,-1.694293886420542572e+00,-1.178831292654394680e+00,6.314389579094211724e-01
7.713856928464231544e+00,-1.678154954813468658e+00,-1.172384604320763080e+00,6.590400801877849268e-01
7.723861930965482792e+00,-1.661638067567157373e+00,-1.165660628954236167e+00,6.864271960082892754e-01
7.733866933466733151e+00,-1.644746944630510521e+00,-1.158661421817826831e+00,7.135939266262366631e-01
7.743871935967983511e+00,-1.627485390238143870e+00,-1.151389121960781248e+00,7.405340017956776322e-01
7.753876938469234759e+00,-1.609857292053586741e+00,-1.143845952218581097e+00,7.672412597694038272e-01
7.763881940970485118e+00,-1.591866620293721057e+00,-1.136034219212945340e+00,7.937096472989408902e-01
7.773886943471735478e+00,-1.573517426834577959e+00,-1.127956313351826223e+00,8.199332196345620050e-01
7.783891945972985837e+00,-1.554813844298785552e+00,-1.119614708829412164e+00,8.459061405252785715e-01
7.793896948474237085e+00,-1.535760085124817653e+00,-1.111011963626125754e+00,8.716226822188462009e-01
7.803901950975487445e+00,-1.516360440618258476e+00,-1.102150719508627752e+00,8.970772254617540575e-01
7.813906953476737804e+00,-1.496619279985314854e+00,-1.093033702029811538e+00,9.222642594992388476e-01
7.823911955977989052e+00,-1.476541049348769619e+00,-1.083663720528805996e+00,9.471783820752783800e-01
7.833916958479239412e+00,-1.456130270746636812e+00,-1.074043668130977736e+00,9.718142994325845718e-01
7.843921960980489771e+00,-1.435391541113694158e+00,-1.064176521747926429e+00,9.961668263126173262e-01
7.853926963481741019e+00,-1.414329531246159011e+00,-1.054065342077486589e+00,1.020230885955577316e+00
7.863931965982991379e+00,-1.392948984749730279e+00,-1.043713273603731340e+00,1.044001510100398544e+00
7.873936968484241739e+00,-1.371254716971219034e+00,-1.033123544596965759e+00,1.067473838984764001e+00
7.883941970985492098e+00,-1.349251613914048464e+00,-1.022299467113731541e+00,1.090643121345094668e+00
7.893946973486743346e+00,-1.326944631137801922e+00,-1.011244436996805218e+00,1.113504714416554187e+00
7.903951975987993706e+00,-1.304338792642156797e+00,-9.999619338752006037e-01,1.136054083933041525e+00
7.913956978489244065e+00,-1.281439189735342099e+00,-9.884555211641646855e-01,1.158286804127202529e+00
7.923961980990495313e+00,-1.258250979887483245e+00,-9.767288460651792903e-01,1.180198557730424369e+00
7.933966983491745673e+00,-1.234779385569049426e+00,-9.647856395659650808e-01,1.201785135972827323e+00
7.943971985992996032e+00,-1.211029693074607616e+00,-9.526297164404744500e-01,1.223042438583281211e+00
7.953976988494247280e+00,-1.187007251332269586e+00,-9.402649752488956292e-01,1.243966473789395177e+00
7.963981990995497640e+00,-1.162717470698989120e+00,-9.276953983376552415e-01,1.264553358317513254e+00
7.973986993496747999e+00,-1.138165821742028294e+00,-9.149250518394116405e-01,1.284799317392726792e+00
7.983991995997998359e+00,-1.113357834006888147e+00,-9.019580856730602392e-01,1.304700684738865801e+00
7.993996998499249607e+00,-1.088299094771927988e+00,-8.887987335437299574e-01,1.324253902578503617e+00
8.004002001000500854e+00,-1.062995247789996212e+00,-8.754511773998107094e-01,1.343455572860983382e+00
8.014007003501751214e+00,-1.037451992017341729e+00,-8.619149544165729537e-01,1.362303787184992121e+00
8.024012006003001574e+00,-1.011675080330077137e+00,-8.481915825892738514e-01,1.380794917006797018e+00
8.034017008504251933e+00,-9.856703182285301290e-01,-8.342848452880237131e-01,1.398924444214571183e+00
8.044022011005502293e+00,-9.594435625297126347e-01,-8.201985427267789452e-01,1.416687996078929812e+00
8.054027013506752652e+00,-9.330007200482378638e-01,-8.059364919633419388e-01,1.434081345252930406e+00
8.064032016008003012e+00,-9.063477462659874639e-01,-7.915025268993607366e-01,1.451100409772072997e+00
8.074037018509255148e+00,-8.794906439908155571e-01,-7.769004982803268122e-01,1.467741253054302808e+00
8.084042021010505508e+00,-8.524354620045941910e-01,-7.621342736955853958e-01,1.484000083899998934e+00
8.094047023511755867e+00,-8.251882937008879759e-01,-7.472077375783197084e-01,1.499873256491991214e+00
8.104052026013006227e+00,-7.977552757125978555e-01,-7.321247912055616203e-01,1.515357270395549349e+00
8.114057028514256587e+00,-7.701425865298653362e-01,-7.168893526981885422e-01,1.530448770558384908e+00
8.124062031015506946e+00,-7.423564451085541416e-01,-7.015053570209243139e-01,1.545144547310652428e+00
8.134067033516757306e+00,-7.144031094696046136e-01,-6.859767559823380934e-01,1.559441536364948533e+00
8.144072036018009442e+00,-6.862888752895830446e-01,-6.703075182348426919e-01,1.573336818816314597e+00
8.154077038519259801e+00,-6.580200744827996440e-01,-6.545016292747046771e-01,1.586827621142226974e+00
8.164082041020510161e+00,-6.296030737751829864e-01,-6.385630914420284965e-01,1.599911315202612094e+00
8.174087043521760521e+00,-6.010442732703956681e-01,-6.224959239207672468e-01,1.612585418239836033e+00
8.184092046023010880e+00,-5.723501050083847908e-01,-6.063041627387195653e-01,1.624847592878707392e+00
8.194097048524261240e+00,-5.435270315167438637e-01,-5.899918607675307403e-01,1.636695647126476638e+00
8.204102051025513376e+00,-5.145815443552206325e-01,-5.735630877226880475e-01,1.648127534372839431e+00
8.214107053526763735e+00,-4.855201626537015702e-01,-5.570219301635341846e-01,1.659141353389927520e+00
8.224112056028014095e+00,-4.563494316439370979e-01,-5.403724914932486190e-01,1.669735348332320735e+00
8.234117058529264455e+00,-4.270759211854387449e-01,-5.236188919588598001e-01,1.679907908737039435e+00
8.244122061030514814e+00,-3.977062242857951624e-01,-5.067652686512420512e-01,1.689657569523546288e+00
8.254127063531765174e+00,-3.682469556157960677e-01,-4.898157755051156248e-01,1.698983010993746712e+00
8.264132066033015533e+00,-3.387047500196763705e-01,-4.727745832990464248e-01,1.707883058831987988e+00
8.274137068534267669e+00,-3.090862610207967265e-01,-4.556458796554434532e-01,1.716356684105061925e+00
8.284142071035518029e+00,-2.793981593231516514e-01,-4.384338690405705230e-01,1.724403003262197531e+00
8.294147073536768389e+00,-2.496471313089556054e-01,-4.211427727645286057e-01,1.732021278135070785e+00
8.304152076038018748e+00,-2.198398775327508881e-01,-4.037768289812670996e-01,1.739210915937799085e+00
8.314157078539269108e+00,-1.899831112123058219e-01,-3.863402926885816657e-01,1.745971469266941689e+00
8.324162081040519467e+00,-1.600835567166506990e-01,-3.688374357281138938e-01,1.752302636101500388e+00
8.334167083541769827e+00,-1.301479480516017639e-01,-3.512725467853506922e-01,1.758204259802919500e+00
8.344172086043021963e+00,-1.001830273431257301e-01,-3.336499313896225116e-01,1.763676329115086094e+00
8.354177088544272323e+00,-7.019554331889302223e-02,-3.159739119141148356e-01,1.768718978164327771e+00
8.364182091045522682e+00,-4.019224978829116779e-02,-2.982488275758491403e-01,1.773332486459416213e+00
8.374187093546773042e+00,-1.017990412134665325e-02,-2.804790344356967724e-01,1.777517278891565411e+00
8.384192096048023402e+00,1.983473427319044913e-02,-2.626689053983741751e-01,1.781273925734431662e+00
8.394197098549273761e+00,4.984490547019980455e-02,-2.448228302124441091e-01,1.784603142644112905e+00
8.404202101050525897e+00,7.984385055066393899e-02,-2.269452154703123226e-01,1.787505790659150717e+00
8.414207103551776257e+00,1.098248131239148578e-01,-2.090404846082393187e-01,1.789982876200527206e+00
8.424212106053026616e+00,1.397810408493288525e-01,-1.911130779063225926e-01,1.792035551071668342e+00
8.434217108554276976e+00,1.697057869570914590e-01,-1.731674524885081778e-01,1.793665112458442401e+00
8.444222111055527336e+00,1.995923117677078640e-01,-1.552080823225883144e-01,1.794873002929159300e+00
8.454227113556777695e+00,2.294338842099125919e-01,-1.372394582202011160e-01,1.795660810434572152e+00
8.464232116058028055e+00,2.592237833366550226e-01,-1.192660878368306809e-01,1.796030268307875710e+00
8.474237118559280191e+00,2.889552998388112970e-01,-1.012924956718033176e-01,1.795983255264707257e+00
8.484242121060530550e+00,3.186217375562228060e-01,-8.332322306830142189e-02,1.795521795403147047e+00
8.494247123561780910e+00,3.482164149858604230e-01,-6.536228564057203205e-02,1.794647804493848087e+00
8.504252126063031270e+00,3.777326667866008902e-01,-4.740931260171744183e-02,1.793360741994530105e+00
8.514257128564281629e+00,4.071638452804147712e-01,-2.946780444501353319e-02,1.791660991158764649e+00
8.524262131065531989e+00,4.365033219495699224e-01,-1.154243807611118194e-02,1.789549510255449727e+00
8.534267133566782348e+00,4.657444889295054846e-01,6.362156857254913644e-03,1.787027359240200397e+00
8.544272136068034484e+00,4.948807604970579810e-01,2.424139796526937618e-02,1.784095699755349873e+00
8.554277138569284844e+00,5.239055745537005704e-01,4.209075011602347871e-02,1.780755795129951302e+00
8.564282141070535204e+00,5.528123941034787103e-01,5.990572543553421281e-02,1.777009010379774434e+00
8.574287143571785563e+00,5.815947087252756331e-01,7.768188330773148631e-02,1.772856812207307398e+00
8.584292146073035923e+00,6.102460360390912220e-01,9.541483037446152338e-02,1.768300769001757144e+00
8.594297148574286282e+00,6.387599231660037180e-01,1.131002205354865453e-01,1.763342550839048561e+00
8.604302151075536642e+00,6.671299481814996213e-01,1.307337549484850481e-01,1.757983929481824692e+00
8.614307153576788778e+00,6.953497215618389404e-01,1.483111820290548000e-01,1.752226778379445626e+00
8.624312156078039138e+00,7.234128876230732086e-01,1.658282974507003515e-01,1.746073072667993387e+00
8.634317158579289497e+00,7.513131259525251959e-01,1.832809441448518539e-01,1.739524889170264599e+00
8.644322161080539857e+00,7.790441528322413767e-01,2.006650123008523745e-01,1.732584406395775600e+00
8.654327163581790217e+00,8.065997226542304110e-01,2.179764393659612276e-01,1.725253904540760219e+00
8.664332166083040576e+00,8.339736293271113876e-01,2.352112100453540022e-01,1.717535765488171329e+00
8.674337168584292712e+00,8.611597076738518597e-01,2.523653563021253654e-01,1.709432472807678405e+00
8.684342171085543072e+00,8.881518348202759316e-01,2.694349573572767942e-01,1.700946611755672855e+00
8.694347173586793431e+00,9.149439315740925949e-01,2.864161396897356715e-01,1.692080869275260691e+00
8.704352176088043791e+00,9.415299637940376387e-01,3.033050770363422410e-01,1.682838033996267413e+00
8.714357178589294151e+00,9.679039437489018738e-01,3.200979903918523273e-01,1.673220996235236901e+00
8.724362181090544510e+00,9.940599314660865105e-01,3.367911480089387788e-01,1.663232747995430971e+00
8.734367183591794870e+00,1.019992036069403918e+00,3.533808653981903580e-01,1.652876382966829594e+00
8.744372186093047006e+00,1.045694417105837992e+00,3.698635053281145724e-01,1.642155096526129565e+00
8.754377188594297365e+00,1.071161285860918966e+00,3.862354778251266829e-01,1.631072185736751168e+00
8.764382191095547725e+00,1.096386906662489835e+00,4.024932401735667464e-01,1.619631049348827290e+00
8.774387193596798085e+00,1.121365598172481937e+00,4.186332969156881800e-01,1.607835187799211196e+00
8.784392196098048444e+00,1.146091734666467632e+00,4.346521998516604812e-01,1.595688203211474310e+00
8.794397198599298804e+00,1.170559747300698561e+00,4.505465480395692834e-01,1.583193799395905987e+00
8.804402201100549163e+00,1.194764125366330587e+00,4.663129877954164115e-01,1.570355781849514187e+00
8.814407203601801299e+00,1.218699417530548557e+00,4.819482126931227128e-01,1.557178057756022804e+00
8.824412206103051659e+00,1.242360233064302877e+00,4.974489635645167329e-01,1.543664635985880329e+00
8.834417208604302019e+00,1.265741243056440313e+00,5.128120284993518130e-01,1.529819627096247192e+00
8.844422211105552378e+00,1.288837181613870175e+00,5.280342428452945436e-01,1.515647243331004201e+00
8.854427213606802738e+00,1.311642847047563620e+00,5.431124892079270960e-01,1.501151798620750100e+00
8.864432216108053098e+00,1.334153103044078748e+00,5.580436974507487768e-01,1.486337708582802453e+00
8.874437218609305233e+00,1.356362879822361922e+00,5.728248446951771378e-01,1.471209490521193652e+00
8.884442221110555593e+00,1.378267175275567080e+00,5.874529553205379839e-01,1.455771763426683130e+00
8.894447223611805953e+00,1.399861056097644996e+00,6.019251009640815830e-01,1.440029247976739812e+00
8.904452226113056312e+00,1.421139658894424729e+00,6.162384005209714521e-01,1.423986766535554116e+00
8.914457228614306672e+00,1.442098191278948782e+00,6.303900201442870221e-01,1.407649243154033947e+00
8.924462231115557032e+00,1.462731932950814828e+00,6.443771732450241929e-01,1.391021703569806700e+00
8.934467233616807391e+00,1.483036236759289750e+00,6.581971204920953333e-01,1.374109275207216374e+00
8.944472236118059527e+00,1.503006529749957076e+00,6.718471698123310576e-01,1.356917187177323569e+00
8.954477238619309887e+00,1.522638314194613596e+00,6.853246763904703442e-01,1.339450770277915703e+00
8.964482241120560246e+00,1.541927168604287024e+00,6.986270426691766344e-01,1.321715456993489024e+00
8.974487243621810606e+00,1.560868748725020128e+00,7.117517183490269517e-01,1.303716781495261490e+00
8.984492246123060966e+00,1.579458788516298950e+00,7.246962003885135672e-01,1.285460379641168771e+00
8.994497248624311325e+00,1.597693101111857805e+00,7.374580330040456655e-01,1.266951988975865806e+00
9.004502251125561685e+00,1.615567579762644757e+00,7.500348076699487887e-01,1.248197448730724579e+00
9.014507253626813821e+00,1.633078198761745758e+00,7.624241631184662804e-01,1.229202699823832567e+00
9.024512256128064180e+00,1.650221014351055837e+00,7.746237853397511808e-01,1.209973784860005175e+00
9.034517258629314540e+00,1.666992165609504806e+00,7.866314075818797713e-01,1.190516848130766858e+00
9.044522261130564900e+00,1.683387875322615024e+00,7.984461241619336125e-01,1.170833046990576332e+00
9.054527263631815259e+00,1.699404450833207125e+00,8.100676673861164634e-01,1.150919154295751312e+00
9.064532266133065619e+00,1.715038284873059649e+00,8.214932171229136770e-01,1.130780457341808543e+00
9.074537268634317755e+00,1.730285856375349596e+00,8.327199825719876491e-01,1.110422416608521035e+00
9.084542271135568114e+00,1.745143731267659648e+00,8.437452509728305960e-01,1.089850493071787829e+00
9.094547273636818474e+00,1.759608563245418145e+00,8.545663876047761010e-01,1.069070148203612236e+00
9.104552276138068834e+00,1.773677094525547338e+00,8.651808357869917865e-01,1.048086843972116711e+00
9.114557278639319193e+00,1.787346156580182699e+00,8.755861168784807580e-01,1.026906042841538858e+00
9.124562281140569553e+00,1.800612670850294084e+00,8.857798302780817146e-01,1.005533207772231874e+00
9.134567283641819913e+00,1.813473649439046653e+00,8.957596534244690600e-01,9.839738022206637735e-01
9.144572286143072049e+00,1.825926195784734141e+00,9.055233417961547904e-01,9.622332901394142768e-01
9.154577288644322408e+00,1.837967505313137462e+00,9.150687289114811662e-01,9.403171359771899107e-01
9.164582291145572768e+00,1.849594866069187216e+00,9.243937263286313710e-01,9.182308046788009159e-01
9.174587293646823127e+00,1.860805659327742667e+00,9.334963236456225166e-01,8.959797616851767899e-01
9.184592296148073487e+00,1.871597360183391068e+00,9.423745885003075307e-01,8.735694729333622899e-01
9.194597298649323847e+00,1.881967538119103889e+00,9.510266665703746014e-01,8.510054048565173224e-01
9.204602301150574206e+00,1.891913857553639611e+00,9.594507815733481770e-01,8.282930243839170537e-01
9.214607303651826342e+00,1.901434078367570057e+00,9.676452352665892986e-01,8.054377989409480243e-01
9.224612306153076702e+00,1.910526056407795048e+00,9.756084074472908263e-01,7.824451964491243583e-01
9.234617308654327061e+00,1.919187743970460769e+00,9.833387559524848776e-01,7.593206853260630051e-01
9.244622311155577421e+00,1.927417190262138647e+00,9.908348166590387196e-01,7.360697344855005042e-01
9.254627313656827781e+00,1.935212541839183897e+00,9.980952034836546582e-01,7.126978133372884328e-01
9.264632316158078140e+00,1.942572043025172945e+00,1.005118608382870926e+00,6.892103917873939611e-01
9.274637318659330276e+00,1.949494036306320677e+00,1.011903801353062349e+00,6.656129402378949678e-01
9.284642321160580636e+00,1.955976962704778721e+00,1.018449630430436237e+00,6.419109295869978027e-01
9.294647323661830995e+00,1.962019362129761024e+00,1.024755021691039047e+00,6.181098312290108643e-01
9.304652326163081355e+00,1.967619873706378142e+00,1.030818979250751166e+00,5.942151170543622518e-01
9.314657328664331715e+00,1.972777236082138286e+00,1.036640585265289793e+00,5.702322594495958796e-01
9.324662331165582074e+00,1.977490287711031192e+00,1.042218999930206280e+00,5.461667312973700339e-01
9.334667333666832434e+00,1.981757967115131081e+00,1.047553461480889236e+00,5.220240059764588159e-01
9.344672336168084570e+00,1.985579313123663647e+00,1.052643286192562533e+00,4.978095573617477010e-01
9.354677338669334929e+00,1.988953465089481343e+00,1.057487868380283746e+00,4.735288598242494151e-01
9.364682341170585289e+00,1.991879663082901430e+00,1.062086680398948602e+00,4.491873882310796207e-01
9.374687343671835649e+00,1.994357248062856414e+00,1.066439272643287861e+00,4.247906179454739029e-01
9.384692346173086008e+00,1.996385662025323970e+00,1.070545273547867327e+00,4.003440248267822188e-01
9.394697348674336368e+00,1.997964448129001536e+00,1.074404389587089170e+00,3.758530852304707848e-01
9.404702351175586728e+00,1.999093250798195776e+00,1.078016405275190825e+00,3.513232760081202999e-01
9.414707353676838864e+00,1.999771815802906527e+00,1.081381183166245874e+00,3.267600745074232815e-01
9.424712356178089223e+00,1.999999990316084553e+00,1.084498663854162270e+00,3.021689585721994975e-01
9.434717358679339583e+00,1.999777722948051117e+00,1.087368865972685228e+00,2.775554065423720962e-01
9.444722361180589942e+00,1.999105063758072287e+00,1.089991886195394777e+00,2.529248972539828166e-01
9.454727363681840302e+00,1.997982164243083947e+00,1.092367899235706874e+00,2.282829100391894350e-01
9.464732366183090662e+00,1.996409277303572649e+00,1.094497157846872959e+00,2.036349247262648765e-01
9.474737368684341021e+00,1.994386757186615844e+00,1.096379992821980398e+00,1.789864216395971042e-01
9.484742371185593157e+00,1.991915059406098587e+00,1.098016812993952041e+00,1.543428815996850112e-01
9.494747373686843517e+00,1.988994740640123160e+00,1.099408105235546440e+00,1.297097859231559625e-01
9.504752376188093876e+00,1.985626458605632250e+00,1.100554434459357633e+00,1.050926164227399262e-01
9.514757378689344236e+00,1.981810971910277219e+00,1.101456443617815584e+00,8.049685540728623856e-02
9.524762381190594596e+00,1.977549139881564111e+00,1.102114853703186181e+00,5.592798568175849638e-02
9.534767383691844955e+00,1.972841922373316237e+00,1.102530463747570355e+00,3.139149054723766596e-02
9.544772386193097091e+00,1.967690379549493107e+00,1.102704150822904960e+00,6.892853800913645301e-03
9.554777388694347451e+00,1.962095671645422312e+00,1.102636870040963002e+00,-1.756244026389364166e-02
9.564782391195597810e+00,1.956059058706485443e+00,1.102329654553352078e+00,-4.196890685776311081e-02
9.574787393696848170e+00,1.949581900304332649e+00,1.101783615551516826e+00,-6.632106069515386615e-02
9.584792396198098530e+00,1.942665655230679134e+00,1.100999026884169396e+00,-9.061611611639426578e-02
9.594797398699348889e+00,1.935311881168754633e+00,1.099974326784639800e+00,-1.148552243820762375e-01
9.604802401200599249e+00,1.927522234342477381e+00,1.098709754420610141e+00,-1.390328195931073152e-01
9.614807403701851385e+00,1.919298469143439156e+00,1.097205711449092069e+00,-1.631430643809355652e-01
9.624812406203101744e+00,1.910642437735785126e+00,1.095462657840829745e+00,-1.871801960978089763e-01
9.634817408704352104e+00,1.901556089639059532e+00,1.093481111880297840e+00,-2.111385268168013418e-01
9.644822411205602464e+00,1.892041471289138244e+00,1.091261650165703312e+00,-2.350124433317951067e-01
9.654827413706852823e+00,1.882100725577324996e+00,1.088804907608983852e+00,-2.587964071574855307e-01
9.664832416208103183e+00,1.871736091367728783e+00,1.086111577435809217e+00,-2.824849545293807163e-01
9.674837418709353543e+00,1.860949902993027871e+00,1.083182411185579896e+00,-3.060726964038016917e-01
9.684842421210605679e+00,1.849744589728723909e+00,1.080018218711428224e+00,-3.295543184578866303e-01
9.694847423711856038e+00,1.838122675246026461e+00,1.076619868180218598e+00,-3.529245810895738633e-01
9.704852426213106398e+00,1.826086777043456788e+00,1.072988286072546149e+00,-3.761783194176273604e-01
9.714857428714356757e+00,1.813639605857340964e+00,1.069124457182737409e+00,-3.993104432816197424e-01
9.724862431215607117e+00,1.800783965051296454e+00,1.065029424618850751e+00,-4.223159372419363899e-01
9.734867433716857477e+00,1.787522749984852943e+00,1.060704289802675726e+00,-4.451898605797755537e-01
9.744872436218109613e+00,1.773858947361351301e+00,1.056150212469732619e+00,-4.679273472971526848e-01
9.754877438719359972e+00,1.759795634555291866e+00,1.051368410669275555e+00,-4.905236061168835038e-01
9.764882441220610332e+00,1.745335978919223097e+00,1.046360160764288061e+00,-5.129739204826093690e-01
9.774887443721860691e+00,1.730483237070405966e+00,1.041126797431485285e+00,-5.352736485587801241e-01
9.784892446223111051e+00,1.715240754157348002e+00,1.035669713661314217e+00,-5.574182232306583717e-01
9.794897448724361411e+00,1.699611963106403056e+00,1.029990360757953249e+00,-5.794031521043196964e-01
9.804902451225611770e+00,1.683600383848607107e+00,1.024090248339312392e+00,-6.012240175066529968e-01
9.814907453726863906e+00,1.667209622526918844e+00,1.017970944337031725e+00,-6.228764764853630398e-01
9.824912456228114266e+00,1.650443370684041566e+00,1.011634074996486277e+00,-6.443562608089569155e-01
9.834917458729364625e+00,1.633305404431004915e+00,1.005081324876778925e+00,-6.656591769667652425e-01
9.844922461230614985e+00,1.615799583596704503e+00,9.983144368507457234e-01,-6.867811061689282903e-01
9.854927463731865345e+00,1.597929850858591960e+00,9.913352121049535670e-01,-7.077180043463988657e-01
9.864932466233115704e+00,1.579700230854704790e+00,9.841455101397010852e-01,-7.284659021509430898e-01
9.874937468734366064e+00,1.561114829277228555e+00,9.767472487690183058e-01,-7.490209049551393994e-01
9.884942471235618200e+00,1.542177831947802336e+00,9.691424041206654350e-01,-7.693791928523827650e-01
9.894947473736868560e+00,1.522893503874806154e+00,9.613330106361379634e-01,-7.895370206568712579e-01
9.904952476238118919e+00,1.503266188292762040e+00,9.533211610706592287e-01,-8.094907179036251454e-01
9.914957478739369279e+00,1.483300305684170262e+00,9.451090064931848556e-01,-8.292366888484747900e-01
9.924962481240619638e+00,1.463000352783916380e+00,9.366987562864022010e-01,-8.487714124680636463e-01
9.934967483741869998e+00,1.442370901566506713e+00,9.280926781467302433e-01,-8.680914424598473733e-01
9.944972486243122134e+00,1.421416598216366012e+00,9.192930980843174726e-01,-8.871934072420981643e-01
9.954977488744372494e+00,1.400142162081434716e+00,9.103024004230485522e-01,-9.060740099538915349e-01
9.964982491245622853e+00,1.378552384610250980e+00,9.011230278005353256e-01,-9.247300284551251970e-01
9.974987493746873213e+00,1.356652128272830105e+00,8.917574811681223679e-01,-9.431583153265066244e-01
9.984992496248123572e+00,1.334446325465525440e+00,8.822083197908856533e-01,-9.613557978695567163e-01
9.994997498749373932e+00,1.311939977400153889e+00,8.724781612476327775e-01,-9.793194781066082433e-01
1.000500250125062429e+01,1.289138152977623131e+00,8.625696814309027349e-01,-9.970464327808076233e-01
1.001500750375187643e+01,1.266045987646299498e+00,8.524856145469639213e-01,-1.014533813356117253e+00
1.002501250625312679e+01,1.242668682245412937e+00,8.422287531158221263e-01,-1.031778846017302298e+00
1.003501750875437715e+01,1.219011501833694666e+00,8.318019479712086550e-01,-1.048778831669951561e+00
1.004502251125562751e+01,1.195079774503591930e+00,8.212081082605884319e-01,-1.065531145940462388e+00
1.005502751375687787e+01,1.170878890181273446e+00,8.104502014451576697e-01,-1.082033239176044770e+00
1.006503251625812823e+01,1.146414299412698901e+00,7.995312532998442023e-01,-1.098282636444723348e+00
1.007503751875937859e+01,1.121691512136036684e+00,7.884543479133070409e-01,-1.114276937535333412e+00
1.008504252126063072e+01,1.096716096440712551e+00,7.772226276879347084e-01,-1.130013816957528006e+00
1.009504752376188108e+01,1.071493677313377635e+00,7.658386203409446313e-01,-1.145491216209871821e+00
1.010505252626313144e+01,1.046029935371016517e+00,7.543015610796167669e-01,-1.160707558924328087e+00
1.011505752876438180e+01,1.020330605581571737e+00,7.426136047181858268e-01,-1.175659698162960343e+00
1.012506253126563216e+01,9.944014759722964447e-01,7.307774984595745149e-01,-1.190344359547701014e+00
1.013506753376688252e+01,9.682483863261753809e-01,7.187960054212251260e-01,-1.204758362502124758e+00
1.014507253626813466e+01,9.418772268666869563e-01,7.066719046350971034e-01,-1.218898620251453568e+00
1.015507753876938501e+01,9.152939369312045326e-01,6.944079910476754769e-01,-1.232762139822544123e+00
1.016508254127063537e+01,8.885045036333206747e-01,6.820070755199582058e-01,-1.246346022043904656e+00
1.017508754377188573e+01,8.615149605144272194e-01,6.694719848274650609e-01,-1.259647461545683855e+00
1.018509254627313609e+01,8.343313861848380419e-01,6.568055616602348490e-01,-1.272663746759674419e+00
1.019509754877438645e+01,8.069599029547657176e-01,6.440106646228256349e-01,-1.285392259919311941e+00
1.020510255127563681e+01,7.794066754554419552e-01,6.310901682343152963e-01,-1.297830477059675580e+00
1.021510755377688895e+01,7.516779092507012150e-01,6.180469629282981936e-01,-1.309975968017489611e+00
1.022511255627813931e+01,7.237798494393933302e-01,6.048839550528952724e-01,-1.321826396431116324e+00
1.023511755877938967e+01,6.957187792488107592e-01,5.916040668707397421e-01,-1.333379519740566455e+00
1.024512256128064003e+01,6.675010186196098649e-01,5.782102365589867343e-01,-1.344633189187493194e+00
1.025512756378189039e+01,6.391329227824156245e-01,5.647054182093103059e-01,-1.355585349815192631e+00
1.026513256628314075e+01,6.106208808264833587e-01,5.510925818279043265e-01,-1.366234040468603972e+00
1.027513756878439111e+01,5.819713142607485512e-01,5.373747133354814798e-01,-1.376577393794310433e+00
1.028514257128564324e+01,5.531906755675722875e-01,5.235548145672718201e-01,-1.386613636240539682e+00
1.029514757378689360e+01,5.242854467495104975e-01,5.096359032730317651e-01,-1.396341088057158064e+00
1.030515257628814396e+01,4.952621378694175291e-01,4.956210131170301070e-01,-1.405758163295680374e+00
1.031515757878939432e+01,4.661272855842472085e-01,4.815131936780568944e-01,-1.414863369809263194e+00
1.032516258129064468e+01,4.368874516728638024e-01,4.673155104494220446e-01,-1.423655309252706225e+00
1.033516758379189504e+01,4.075492215581993927e-01,4.530310448389543998e-01,-1.432132677082452954e+00
1.034517258629314540e+01,3.781192028240715208e-01,4.386628941690024486e-01,-1.440294262556589544e+00
1.035517758879439754e+01,3.486040237270032205e-01,4.242141716764311066e-01,-1.448138948734847942e+00
1.036518259129564790e+01,3.190103317034390096e-01,4.096880065126327075e-01,-1.455665712478598550e+00
1.037518759379689826e+01,2.893447918725541856e-01,3.950875437435111825e-01,-1.462873624450859555e+00
1.038519259629814862e+01,2.596140855351689591e-01,3.804159443494920523e-01,-1.469761849116291152e+00
1.039519759879939897e+01,2.298249086689654053e-01,3.656763852255205949e-01,-1.476329644741197100e+00
1.040520260130064933e+01,1.999839704204061652e-01,3.508720591810611800e-01,-1.482576363393524499e+00
1.041520760380190147e+01,1.700979915936976228e-01,3.360061749400946596e-01,-1.488501450942864457e+00
1.042521260630315183e+01,1.401737031371452225e-01,3.210819571411298035e-01,-1.494104447060448981e+00
1.043521760880440219e+01,1.102178446271712409e-01,3.061026463371860906e-01,-1.499384985219156086e+00
1.044522261130565255e+01,8.023716275044215362e-02,2.910714989958056442e-01,-1.504342792693506681e+00
1.045522761380690291e+01,5.023840978435935994e-02,2.759917874990493458e-01,-1.508977690559664353e+00
1.046523261630815327e+01,2.022834207631207110e-02,2.608668001434976125e-01,-1.513289593695436919e+00
1.047523761880940363e+01,-9.786281477986602528e-03,2.456998411402505633e-01,-1.517278510780274869e+00
1.048524262131065576e+01,-3.979870095675865083e-02,2.304942306149244668e-01,-1.520944544295272927e+00
1.049524762381190612e+01,-6.980215693461583326e-02,2.152533046076630097e-01,-1.524287890523167377e+00
1.050525262631315648e+01,-9.978989200495576306e-02,1.999804150731214758e-01,-1.527308839548340069e+00
1.051525762881440684e+01,-1.297551523018501130e-01,1.846789298804774049e-01,-1.530007775256815306e+00
1.052526263131565720e+01,-1.596911890211531182e-01,1.693522328134269284e-01,-1.532385175336260730e+00
1.053526763381690756e+01,-1.895912599404806498e-01,1.540037235701858798e-01,-1.534441611275987327e+00
1.054527263631815792e+01,-2.194486309377070010e-01,1.386368177634896837e-01,-1.536177748366949869e+00
1.055527763881941006e+01,-2.492565775076266699e-01,1.232549469205900250e-01,-1.537594345701746690e+00
1.056528264132066042e+01,-2.790083862764325406e-01,1.078615584832662844e-01,-1.538692256174618134e+00
1.057528764382191078e+01,-3.086973565137400843e-01,9.246011580780921779e-02,-1.539472426481449441e+00
1.058529264632316114e+01,-3.383168016417109625e-01,7.705409816503094866e-02,-1.539935897119768748e+00
1.059529764882441150e+01,-3.678600507410244580e-01,6.164459015483714222e-02,-1.540083137624669973e+00
1.060530265132566186e+01,-3.973204500533011330e-01,4.623235503340374086e-02,-1.539913713376098725e+00
1.061530765382691399e+01,-4.266913644796650473e-01,3.082098740871296039e-02,-1.539427549399943640e+00
1.062531265632816435e+01,-4.559661790751037280e-01,1.541405797393984034e-02,-1.538624649356077789e+00
1.063531765882941471e+01,-4.851383005383060332e-01,1.510933305881589916e-05,-1.537505094759725299e+00
1.064532266133066507e+01,-5.142011586966082071e-01,-1.537234399914549909e-02,-1.536069044981460907e+00
1.065532766383191543e+01,-5.431482079857308243e-01,-3.074481559708076850e-02,-1.534316737247210849e+00
1.066533266633316579e+01,-5.719729289239702252e-01,-4.609884712434716980e-02,-1.532248486638251084e+00
1.067533766883441615e+01,-6.006688295805293620e-01,-6.143100833373738023e-02,-1.529864686091209736e+00
1.068534267133566829e+01,-6.292294470376493809e-01,-7.673789706723901927e-02,-1.527165806398063985e+00
1.069534767383691864e+01,-6.576483488461579707e-01,-9.201613925602425414e-02,-1.524152396206144511e+00
1.070535267633816900e+01,-6.859191344742410212e-01,-1.072623889204656067e-01,-1.520825082018130381e+00
1.071535767883941936e+01,-7.140354367489236687e-01,-1.224733281701254339e-01,-1.517184568192052829e+00
1.072536268134066972e+01,-7.419909232901372720e-01,-1.376456672037585371e-01,-1.513231636941293257e+00
1.073536768384192008e+01,-7.697792979368774935e-01,-1.527761443093121341e-01,-1.508967148334584341e+00
1.074537268634317044e+01,-7.973943021652379892e-01,-1.678615258639258312e-01,-1.504392040296009592e+00
1.075537768884442258e+01,-8.248297164979746521e-01,-1.828986063339343437e-01,-1.499507328605002243e+00
1.076538269134567294e+01,-8.520793619052096091e-01,-1.978842082748568099e-01,-1.494314106896349026e+00
1.077538769384692330e+01,-8.791371011961564008e-01,-2.128151823314128888e-01,-1.488813546660185283e+00
1.078539269634817366e+01,-9.059968404012915810e-01,-2.276884072375120471e-01,-1.483006897241997635e+00
1.079539769884942402e+01,-9.326525301448579386e-01,-2.425007898162558351e-01,-1.476895485842623756e+00
1.080540270135067438e+01,-9.590981670073158716e-01,-2.572492649799386633e-01,-1.470480717518252156e+00
1.081540770385192651e+01,-9.853277948774212813e-01,-2.719307957300498568e-01,-1.463764075180421065e+00
1.082541270635317687e+01,-1.011335506293678632e+00,-2.865423731572631083e-01,-1.456747119596022877e+00
1.083541770885442723e+01,-1.037115443774837775e+00,-3.010810164414526868e-01,-1.449431489387297267e+00
1.084542271135567759e+01,-1.062661801139102247e+00,-3.155437728516826135e-01,-1.441818901031836742e+00
1.085542771385692795e+01,-1.087968824811815338e+00,-3.299277177462091593e-01,-1.433911148862583307e+00
1.086543271635817831e+01,-1.113030815121262451e+00,-3.442299545724812337e-01,-1.425710105067831135e+00
1.087543771885942867e+01,-1.137842127582390894e+00,-3.584476148671399964e-01,-1.417217719691224342e+00
1.088544272136068081e+01,-1.162397174168049441e+00,-3.725778582560218544e-01,-1.408436020631756547e+00
1.089544772386193117e+01,-1.186690424567511171e+00,-3.866178724541478040e-01,-1.399367113643777305e+00
1.090545272636318153e+01,-1.210716407432055330e+00,-4.005648732657389188e-01,-1.390013182336981679e+00
1.091545772886443189e+01,-1.234469711607184994e+00,-4.144161045842061353e-01,-1.380376488176417782e+00
1.092546273136568225e+01,-1.257944987351371058e+00,-4.281688383921531393e-01,-1.370459370482484340e+00
1.093546773386693260e+01,-1.281136947540909343e+00,-4.418203747613754784e-01,-1.360264246430930468e+00
1.094547273636818296e+01,-1.304040368860674981e+00,-4.553680418528617269e-01,-1.349793611052856779e+00
1.095547773886943510e+01,-1.326650092980561357e+00,-4.688091959167949296e-01,-1.339050037234712720e+00
1.096548274137068546e+01,-1.348961027717199723e+00,-4.821412212925429985e-01,-1.328036175718303902e+00
1.097548774387193582e+01,-1.370968148180864210e+00,-4.953615304086745885e-01,-1.316754755100781438e+00
1.098549274637318618e+01,-1.392666497907165013e+00,-5.084675637829475514e-01,-1.305208581834649273e+00
1.099549774887443654e+01,-1.414051189973333456e+00,-5.214567900223124886e-01,-1.293400540227761519e+00
1.100550275137568690e+01,-1.435117408098889102e+00,-5.343267058229118627e-01,-1.281333592443324010e+00
1.101550775387693903e+01,-1.455860407730353190e+00,-5.470748359700834396e-01,-1.269010778499890968e+00
1.102551275637818939e+01,-1.476275517109804980e+00,-5.596987333383507401e-01,-1.256435216271373445e+00
1.103551775887943975e+01,-1.496358138327094967e+00,-5.721959788914358080e-01,-1.243610101487027997e+00
1.104552276138069011e+01,-1.516103748355351444e+00,-5.845641816822515491e-01,-1.230538707731462678e+00
1.105552776388194047e+01,-1.535507900069694065e+00,-5.968009788529031745e-01,-1.217224386444637485e+00
1.106553276638319083e+01,-1.554566223248801116e+00,-6.089040356346876459e-01,-1.203670566921863250e+00
1.107553776888444119e+01,-1.573274425559178846e+00,-6.208710453480954516e-01,-1.189880756313800969e+00
1.108554277138569333e+01,-1.591628293521894166e+00,-6.326997294028107177e-01,-1.175858539626460697e+00
1.109554777388694369e+01,-1.609623693461503358e+00,-6.443878372977042135e-01,-1.161607579721210204e+00
1.110555277638819405e+01,-1.627256572437094873e+00,-6.559331466208451200e-01,-1.147131617314761209e+00
1.111555777888944441e+01,-1.644522959155060526e+00,-6.673334630494933695e-01,-1.132434470979178265e+00
1.112556278139069477e+01,-1.661418964863524250e+00,-6.785866203501006444e-01,-1.117520037141876976e+00
1.113556778389194513e+01,-1.677940784228173277e+00,-6.896904803783117099e-01,-1.102392290085624449e+00
1.114557278639319549e+01,-1.694084696189284145e+00,-7.006429415739708899e-01,-1.087055262103854947e+00
1.115557778889444762e+01,-1.709847064799809857e+00,-7.114442131338488684e-01,-1.071507274586953162e+00
1.116558279139569798e+01,-1.725224340044240856e+00,-7.220935618878849827e-01,-1.055747387094414069e+00
1.117558779389694834e+01,-1.740213058638170107e+00,-7.325883049905422828e-01,-1.039779019821947204e+00
1.118559279639819870e+01,-1.754809844808284058e+00,-7.429258196351529175e-01,-1.023605615390291268e+00
1.119559779889944906e+01,-1.769011411052649141e+00,-7.531035430539204656e-01,-1.007230638845210136e+00
1.120560280140069942e+01,-1.782814558881145484e+00,-7.631189725179192695e-01,-9.906575776574936265e-01
1.121560780390194978e+01,-1.796216179535824020e+00,-7.729696653370953241e-01,-9.738899417229566202e-01
1.122561280640320192e+01,-1.809213254691054429e+00,-7.826532388602672752e-01,-9.569312633624370568e-01
1.123561780890445227e+01,-1.821802857133336895e+00,-7.921673704751199807e-01,-9.397850973218073722e-01
1.124562281140570263e+01,-1.833982151420548101e+00,-8.015097976082145026e-01,-9.224550207719564021e-01
1.125562781390695299e+01,-1.845748394520562163e+00,-8.106783177249815564e-01,-9.049446333088017047e-01
1.126563281640820335e+01,-1.857098936429030678e+00,-8.196707883297228436e-01,-8.872575569532864526e-01
1.127563781890945371e+01,-1.868031220766210865e+00,-8.284851269656113848e-01,-8.693974361513794324e-01
1.128564282141070585e+01,-1.878542785352734557e+00,-8.371193112146929627e-01,-8.513679377740717147e-01
1.129564782391195621e+01,-1.888631262764121965e+00,-8.455713786978799051e-01,-8.331727511173896428e-01
1.130565282641320657e+01,-1.898294380863992936e+00,-8.538394270749604109e-01,-8.148155879023756265e-01
1.131565782891445693e+01,-1.907529963315790944e+00,-8.619216140445922214e-01,-7.963001822751005765e-01
1.132566283141570729e+01,-1.916335930072935234e+00,-8.698161573443043970e-01,-7.776302908066614616e-01
1.133566783391695765e+01,-1.924710297847302076e+00,-8.775213347504973171e-01,-7.588096924931801990e-01
1.134567283641820801e+01,-1.932651180555895465e+00,-8.850354840784420141e-01,-7.398421887558048748e-01
1.135567783891946014e+01,-1.940156789745635324e+00,-8.923570031822826154e-01,-7.207316034407056371e-01
1.136568284142071050e+01,-1.947225434996150417e+00,-8.994843499550302379e-01,-7.014817828190882398e-01
1.137568784392196086e+01,-1.953855524300498914e+00,-9.064160423285714252e-01,-6.820965955871740594e-01
1.138569284642321122e+01,-1.960045564423726239e+00,-9.131506582736621525e-01,-6.625799328662131948e-01
1.139569784892446158e+01,-1.965794161239166504e+00,-9.196868357999298249e-01,-6.429357082024815817e-01
1.140570285142571194e+01,-1.971100020042431566e+00,-9.260232729558732778e-01,-6.231678575672805476e-01
1.141570785392696230e+01,-1.975961945843006440e+00,-9.321587278288619993e-01,-6.032803393569372563e-01
1.142571285642821444e+01,-1.980378843633382235e+00,-9.380920185451383508e-01,-5.832771343928007113e-01
1.143571785892946480e+01,-1.984349718635678883e+00,-9.438220232698122381e-01,-5.631622459212560772e-01
1.144572286143071516e+01,-1.987873676525689692e+00,-9.493476802068681053e-01,-5.429396996137038078e-01
1.145572786393196552e+01,-1.990949923634300234e+00,-9.546679875991608277e-01,-5.226135435665731910e-01
1.146573286643321588e+01,-1.993577767126240241e+00,-9.597820037284159334e-01,-5.021878483013193506e-01
1.147573786893446623e+01,-1.995756615156123015e+00,-9.646888469152306023e-01,-4.816667067644228029e-01
1.148574287143571837e+01,-1.997485977001744351e+00,-9.693876955190736666e-01,-4.610542343273857924e-01
1.149574787393696873e+01,-1.998765463174599688e+00,-9.738777879382829461e-01,-4.403545687867477243e-01
1.150575287643821909e+01,-1.999594785507609052e+00,-9.781584226100701329e-01,-4.195718703640621827e-01
1.151575787893946945e+01,-1.999973757220015580e+00,-9.822289580105165729e-01,-3.987103217059120297e-01
1.152576288144071981e+01,-1.999902292959453209e+00,-9.860888126545757082e-01,-3.777741278839057415e-01
1.153576788394197017e+01,-1.999380408821169963e+00,-9.897374650960715226e-01,-3.567675163946777417e-01
1.154577288644322053e+01,-1.998408222344402851e+00,-9.931744539276996520e-01,-3.356947371598875129e-01
1.155577788894447266e+01,-1.996985952485906157e+00,-9.963993777810267183e-01,-3.145600625262165995e-01
1.156578289144572302e+01,-1.995113919570635996e+00,-9.994118953264898852e-01,-2.933677872653837060e-01
1.157578789394697338e+01,-1.992792545219609135e+00,-1.002211725273398635e+00,-2.721222285741211611e-01
1.158579289644822374e+01,-1.990022352254942950e+00,-1.004798646369933213e+00,-2.508277260741913484e-01
1.159579789894947410e+01,-1.986803964582104509e+00,-1.007172497403144851e+00,-2.294886418123815996e-01
1.160580290145072446e+01,-1.983138107049397636e+00,-1.009333177198955989e+00,-2.081093602605055271e-01
1.161580790395197482e+01,-1.979025605284707723e+00,-1.011280644622160940e+00,-1.866942883154020238e-01
1.162581290645322696e+01,-1.974467385509553363e+00,-1.013014918576424783e+00,-1.652478552989313787e-01
1.163581790895447732e+01,-1.969464474330487214e+00,-1.014536078004282915e+00,-1.437745129579917069e-01
1.164582291145572768e+01,-1.964017998507873841e+00,-1.015844261887143274e+00,-1.222787354644941926e-01
1.165582791395697804e+01,-1.958129184702129377e+00,-1.016939669245284339e+00,-1.007650194153807410e-01
1.166583291645822840e+01,-1.951799359197443406e+00,-1.017822559137855798e+00,-7.923788383261753943e-02
1.167583791895947876e+01,-1.945029947603077014e+00,-1.018493250662879213e+00,-5.770187016319749951e-02
1.168584292146073089e+01,-1.937822474532282291e+00,-1.018952122957246242e+00,-3.616154227913459529e-02
1.169584792396198125e+01,-1.930178563258933222e+00,-1.019199615196720199e+00,-1.462148647748051644e-02
1.170585292646323161e+01,-1.922099935351926803e+00,-1.019236217437532455e+00,6.913740283924468821e-03
1.171585792896448197e+01,-1.913588410287446306e+00,-1.019061283950151608e+00,2.844517272445313411e-02
1.172586293146573233e+01,-1.904645905039181741e+00,-1.018673936826595794e+00,4.997175068725408231e-02
1.173586793396698269e+01,-1.895274433646586543e+00,-1.018073919638988079e+00,7.148850583906979361e-02
1.174587293646823305e+01,-1.885476106761270421e+00,-1.017261033179625240e+00,9.299051003076914956e-02
1.175587793896948519e+01,-1.875253131171643384e+00,-1.016235135460977324e+00,1.144728752973513813e-01
1.176588294147073555e+01,-1.864607809305897757e+00,-1.014996141715689193e+00,1.359307538579306307e-01
1.177588794397198591e+01,-1.853542538713445875e+00,-1.013544024396578314e+00,1.573593381157589455e-01
1.178589294647323626e+01,-1.842059811524951130e+00,-1.011878813176636749e+00,1.787538606582110001e-01
1.179589794897448662e+01,-1.830162213891041167e+00,-1.010000594949029828e+00,2.001095942567879260e-01
1.180590295147573698e+01,-1.817852425399864469e+00,-1.007909513827096593e+00,2.214218518671172697e-01
1.181590795397698734e+01,-1.805133218473574441e+00,-1.005605771144350236e+00,2.426859866289530487e-01
1.182591295647823948e+01,-1.792007457743929777e+00,-1.003089625454476552e+00,2.638973918661793872e-01
1.183591795897948984e+01,-1.778478099407128310e+00,-1.000361392531337046e+00,2.850515010867958332e-01
1.184592296148074020e+01,-1.764548190557988949e+00,-9.974214453689655979e-01,3.061437879829392861e-01
1.185592796398199056e+01,-1.750220868503707061e+00,-9.942702141815698003e-01,3.271697664308694797e-01
1.186593296648324092e+01,-1.735499360057244367e+00,-9.909081864035313991e-01,3.481249904909728965e-01
1.187593796898449128e+01,-1.720386980810592714e+00,-9.873359066894058511e-01,3.690050544077619343e-01
1.188594297148574341e+01,-1.704887134388044512e+00,-9.835539769139213240e-01,3.898055926098794033e-01
1.189594797398699377e+01,-1.689003311679599939e+00,-9.795630561719821383e-01,4.105222797100834820e-01
1.190595297648824413e+01,-1.672739090054774724e+00,-9.753638607786643266e-01,4.311508305052698664e-01
1.191595797898949449e+01,-1.656098132556875102e+00,-9.709571642692179649e-01,4.516869999764567822e-01
1.192596298149074485e+01,-1.639084187078015731e+00,-9.663437973990672836e-01,4.721265832887894254e-01
1.193596798399199521e+01,-1.621701085515027341e+00,-9.615246481438100012e-01,4.924654157915387409e-01
1.194597298649324557e+01,-1.603952742906409323e+00,-9.565006616992175470e-01,5.126993730181026443e-01
1.195597798899449771e+01,-1.585843156550593491e+00,-9.512728404812345051e-01,5.328243706860088524e-01
1.196598299149574807e+01,-1.567376405105681103e+00,-9.458422441259815017e-01,5.528363646969008949e-01
1.197598799399699843e+01,-1.548556647670813691e+00,-9.402099894897505417e-01,5.727313511365591525e-01
1.198599299649824879e+01,-1.529388122849492548e+00,-9.343772506490081176e-01,5.925053662748871464e-01
1.199599799899949915e+01,-1.509875147794924377e+00,-9.283452589003942101e-01,6.121544865659154233e-01
1.200600300150074951e+01,-1.490022117237725929e+00,-9.221153027607230657e-01,6.316748286477995578e-01
1.201600800400199986e+01,-1.469833502496134869e+00,-9.156887279669823076e-01,6.510625493428229271e-01
1.202601300650325200e+01,-1.449313850468965326e+00,-9.090669374763321597e-01,6.703138456573976001e-01
1.203601800900450236e+01,-1.428467782611589465e+00,-9.022513914661102197e-01,6.894249547820531232e-01
1.204602301150575272e+01,-1.407299993895031243e+00,-8.952436073338241318e-01,7.083921540914545067e-01
1.205602801400700308e+01,-1.385815251748598875e+00,-8.880451596971566941e-01,7.272117611443905671e-01
1.206603301650825344e+01,-1.364018394986150629e+00,-8.806576803939641929e-01,7.458801336837763696e-01
1.207603801900950380e+01,-1.341914332716287239e+00,-8.730828584822769578e-01,7.643936696366533390e-01
1.208604302151075416e+01,-1.319508043236739203e+00,-8.653224402402986959e-01,7.827488071141894821e-01
1.209604802401200629e+01,-1.296804572913112352e+00,-8.573782291664056032e-01,8.009420244116820520e-01
1.210605302651325665e+01,-1.273809035042383186e+00,-8.492520859791520271e-01,8.189698400085457797e-01
1.211605802901450701e+01,-1.250526608701240772e+00,-8.409459286172615844e-01,8.368288125683305267e-01
1.212606303151575737e+01,-1.226962537579664891e+00,-8.324617322396330454e-01,8.545155409387108492e-01
1.213606803401700773e+01,-1.203122128799954949e+00,-8.238015292253390021e-01,8.720266641514859973e-01
1.214607303651825809e+01,-1.179010751721421002e+00,-8.149674091736258674e-01,8.893588614225829136e-01
1.215607803901951023e+01,-1.154633836731108643e+00,-8.059615189039120997e-01,9.065088521520576759e-01
1.216608304152076059e+01,-1.129996874020779085e+00,-7.967860624557947524e-01,9.234733959240833956e-01
1.217608804402201095e+01,-1.105105412350362970e+00,-7.874433010890394824e-01,9.402492925069689811e-01
1.218609304652326131e+01,-1.079965057798309536e+00,-7.779355532835877662e-01,9.568333818531470358e-01
1.219609804902451167e+01,-1.054581472498939743e+00,-7.682651947395545688e-01,9.732225440991760790e-01
1.220610305152576203e+01,-1.028960373367232339e+00,-7.584346583772287875e-01,9.894136995657415445e-01
1.221610805402701239e+01,-1.003107530811273129e+00,-7.484464343370729189e-01,1.005403808757654671e+00
1.222611305652826452e+01,-9.770287674325957017e-01,-7.383030699797210605e-01,1.021189872363856610e+00
1.223611805902951488e+01,-9.507299567148591590e-01,-7.280069280930723252e-01,1.036769096497140108e+00
1.224612306153076524e+01,-9.242170217009723077e-01,-7.175572635653799658e-01,1.052140453281509958e+00
1.225612806403201560e+01,-8.974959336591200598e-01,-7.069552353182574356e-01,1.067300763004969344e+00
1.226613306653326596e+01,-8.705727107379268581e-01,-6.962030014786773080e-01,1.082246148186903678e+00
1.227613806903451632e+01,-8.434534166110062570e-01,-6.853027466718765170e-01,1.096972810955079369e+00
1.228614307153576668e+01,-8.161441591113196559e-01,-6.742566820213556911e-01,1.111477033045644935e+00
1.229614807403701882e+01,-7.886510888555515741e-01,-6.630670451488780426e-01,1.125755175803133223e+00
1.230615307653826918e+01,-7.609803978588816076e-01,-6.517361001744765847e-01,1.139803680180450307e+00
1.231615807903951954e+01,-7.331383181404000915e-01,-6.402661377164425849e-01,1.153619066738892585e+00
1.232616308154076989e+01,-7.051311203195134159e-01,-6.286594748913333364e-01,1.167197935648134566e+00
1.233616808404202025e+01,-6.769651122036890456e-01,-6.169184553139703819e-01,1.180536966686233091e+00
1.234617308654327061e+01,-6.486466373677987063e-01,-6.050454490974391808e-01,1.193632919239626666e+00
1.235617808904452275e+01,-6.201820737253986859e-01,-5.930428528530873322e-01,1.206482632303136793e+00
1.236618309154577311e+01,-5.915778320923447131e-01,-5.809130896905329022e-01,1.219083024479961086e+00
1.237618809404702347e+01,-5.628403547428602050e-01,-5.686586092176517671e-01,1.231431093981684821e+00
1.238619309654827383e+01,-5.339761139586559624e-01,-5.562818875405858288e-01,1.243523918628272940e+00
1.239619809904952419e+01,-5.049916105712226599e-01,-5.437854272637413500e-01,1.255358655848071603e+00
1.240620310155077455e+01,-4.758933724977008062e-01,-5.311717574897885097e-01,1.266932542677809526e+00
1.241620810405202491e+01,-4.466879532706850009e-01,-5.184434338196619585e-01,1.278242895762595976e+00
1.242621310655327704e+01,-4.173819305621822573e-01,-5.056030383525574878e-01,1.289287111355924553e+00
1.243621810905452740e+01,-3.879819047022382561e-01,-4.926531796859425771e-01,1.300062665319664301e+00
1.244622311155577776e+01,-3.584944971923560986e-01,-4.795964929155415724e-01,1.310567113124072147e+00
1.245622811405702812e+01,-3.289263492142164291e-01,-4.664356396353453449e-01,1.320798089847784018e+00
1.246623311655827848e+01,-2.992841201339649371e-01,-4.531733079376089046e-01,1.330753310177818394e+00
1.247623811905952884e+01,-2.695744860023421841e-01,-4.398122124128511778e-01,1.340430568409574974e+00
1.248624312156077920e+01,-2.398041380511176934e-01,-4.263550941498557290e-01,1.349827738446834680e+00
1.249624812406203134e+01,-2.099797811861056906e-01,-4.128047207356669857e-01,1.358942773801762094e+00
1.250625312656328170e+01,-1.801081324770307246e-01,-3.991638862556013967e-01,1.367773707594899024e+00
1.251625812906453206e+01,-1.501959196447591738e-01,-3.854354112932322773e-01,1.376318652555172939e+00
1.252626313156578242e+01,-1.202498795460263253e-01,-3.716221429303990242e-01,1.384575801019892083e+00
1.253626813406703278e+01,-9.027675665617616863e-02,-3.577269547472055056e-01,1.392543424934745477e+00
1.254627313656828314e+01,-6.028330155018572084e-02,-3.437527468220196725e-01,1.400219875853804696e+00
1.255627813906953527e+01,-3.027626938224447020e-02,-3.297024457314710055e-01,1.407603584939523866e+00
1.256628314157078563e+01,-2.624183644090098515e-04,-3.155790045504606178e-01,1.414693062962734782e+00
1.257628814407203599e+01,2.975149175553760267e-02,-3.013854028521462114e-01,1.421486900302654899e+00
1.258629314657328635e+01,5.975870121650126571e-02,-2.871246467079522358e-01,1.427983766946882005e+00
1.259629814907453671e+01,8.975245176649530865e-02,-2.727997686875668903e-01,1.434182412491395331e+00
1.260630315157578707e+01,1.197259881847829444e-01,-2.584138278589431792e-01,1.440081666140556216e+00
1.261630815407703743e+01,1.496725598032661031e-01,-2.439699097882976342e-01,1.445680436707107441e+00
1.262631315657828956e+01,1.795854220268913726e-01,-2.294711265401083722e-01,1.450977712612173898e+00
1.263631815907953992e+01,2.094578378526527895e-01,-2.149206166771255866e-01,1.455972561885260141e+00
1.264632316158079028e+01,2.392830793869203387e-01,-2.003215452603556157e-01,1.460664132164254392e+00
1.265632816408204064e+01,2.690544293607163850e-01,-1.856771038490719894e-01,1.465051650695426089e+00
1.266633316658329100e+01,2.987651826425642421e-01,-1.709905105008117099e-01,1.469134424333426336e+00
1.267633816908454136e+01,3.284086477486313216e-01,-1.562650097713761399e-01,1.472911839541287460e+00
1.268634317158579172e+01,3.579781483497982975e-01,-1.415038727148308917e-01,1.476383362390424114e+00
1.269634817408704386e+01,3.874670247752872165e-01,-1.267103968835028294e-01,1.479548538560632398e+00
1.270635317658829422e+01,4.168686355125729714e-01,-1.118879063279913932e-01,1.482406993340088519e+00
1.271635817908954458e+01,4.461763587032050449e-01,-9.703975159715128029e-02,1.484958431625352571e+00
1.272636318159079494e+01,4.753835936341673229e-01,-8.216930973810465666e-02,1.487202637921365422e+00
1.273636818409204530e+01,5.044837622245113007e-01,-6.727924933461698620e-02,1.489139629495351391e+00
1.274637318659329566e+01,5.334703105068497875e-01,-5.236914584941350370e-02,1.490769640369727478e+00
1.275637818909454779e+01,5.623367101034956184e-01,-3.744193700781243278e-02,1.492091540923124571e+00
1.276638319159579815e+01,5.910764596967348350e-01,-2.250111285900268515e-02,1.493104127023674454e+00
1.277638819409704851e+01,6.196830864931067717e-01,-7.550145344758701915e-03,1.493806286714531639e+00
1.278639319659829887e+01,6.481501476811921680e-01,7.407511700548999323e-03,1.494197000213870030e+00
1.279639819909954923e+01,6.764712318826494597e-01,2.236842254995638490e-02,1.494275339914884260e+00
1.280640320160079959e+01,7.046399605962317958e-01,3.732916958390605777e-02,1.494040470385789687e+00
1.281640820410204995e+01,7.326499896343384721e-01,5.228635329024705625e-02,1.493491648369821956e+00
1.282641320660330209e+01,7.604950105518393233e-01,6.723659226423769897e-02,1.492628222785237213e+00
1.283641820910455245e+01,7.881687520669149460e-01,8.217652320853474635e-02,1.491449634725312778e+00
1.284642321160580281e+01,8.156649814734280302e-01,9.710280093320977635e-02,1.489955417458346032e+00
1.285642821410705317e+01,8.429775060447048940e-01,1.120120983557377770e-01,1.488145196427654415e+00
1.286643321660830352e+01,8.701001744282481631e-01,1.269011065010007266e-01,1.486018689251576985e+00
1.287643821910955388e+01,8.970268780311302370e-01,1.417665345012869282e-01,1.483575705723472415e+00
1.288644322161080424e+01,9.237515523958153008e-01,1.566051095962911477e-01,1.480816147811720551e+00
1.289644822411205638e+01,9.502681785659826685e-01,1.714135771331175284e-01,1.477740009659720855e+00
1.290645322661330674e+01,9.765707844421032124e-01,1.861887005662686834e-01,1.474347377585894847e+00
1.291645822911455710e+01,1.002653446126524850e+00,2.009272614576618210e-01,1.470638430083683668e+00
1.292646323161580746e+01,1.028510289257608568e+00,2.156260594766178929e-01,1.466613437821548738e+00
1.293646823411705782e+01,1.054135490332801517e+00,2.302819123998645634e-01,1.462272763642972428e+00
1.294647323661830818e+01,1.079523278020186439e+00,2.448916561115359047e-01,1.457616862566457616e+00
1.295647823911955854e+01,1.104667934458312573e+00,2.594521446031725076e-01,1.452646281785527682e+00
1.296648324162081067e+01,1.129563796543990195e+00,2.739602499737243124e-01,1.447361660668725625e+00
1.297648824412206103e+01,1.154205257207692403e+00,2.884128624295397847e-01,1.441763730759617834e+00
1.298649324662331139e+01,1.178586766676455566e+00,3.028068902843817911e-01,1.435853315776788097e+00
1.299649824912456175e+01,1.202702833723757081e+00,3.171392599594171080e-01,1.429631331613842482e+00
1.300650325162581211e+01,1.226548026906266742e+00,3.314069159832192524e-01,1.423098786339406896e+00
1.301650825412706247e+01,1.250116975787126217e+00,3.456068209917678713e-01,1.416256780197127751e+00
1.302651325662831461e+01,1.273404372145468644e+00,3.597359557284521836e-01,1.409106505605671300e+00
1.303651825912956497e+01,1.296404971171950748e+00,3.737913190440600997e-01,1.401649247158727407e+00
1.304652326163081533e+01,1.319113592650005939e+00,3.877699278967934315e-01,1.393886381625003557e+00
1.305652826413206569e+01,1.341525122122520175e+00,4.016688173522584004e-01,1.385819377948228182e+00
1.306653326663331605e+01,1.363634512043726099e+00,4.154850405834675797e-01,1.377449797247150887e+00
1.307653826913456641e+01,1.385436782915994591e+00,4.292156688708402834e-01,1.368779292815541782e+00
1.308654327163581677e+01,1.406927024411354532e+00,4.428577916022019556e-01,1.359809610122190815e+00
1.309654827413706890e+01,1.428100396477383294e+00,4.564085162727874456e-01,1.350542586810907775e+00
1.310655327663831926e+01,1.448952130427275886e+00,4.698649684852306274e-01,1.340980152700526951e+00
1.311655827913956962e+01,1.469477530013885813e+00,4.832242919495790545e-01,1.331124329784899363e+00
1.312656328164081998e+01,1.489671972487379481e+00,4.964836484832847452e-01,1.320977232232897425e+00
1.313656828414207034e+01,1.509530909636411122e+00,5.096402180112060698e-01,1.310541066388414277e+00
1.314657328664332070e+01,1.529049868812459634e+00,5.226911985656079729e-01,1.299818130770363567e+00
1.315657828914457106e+01,1.548224453937149026e+00,5.356338062861619731e-01,1.288810816072679666e+00
1.316658329164582319e+01,1.567050346492369961e+00,5.484652754199481617e-01,1.277521605164315455e+00
1.317658829414707355e+01,1.585523306492863993e+00,5.611828583214466537e-01,1.265953073089250092e+00
1.318659329664832391e+01,1.603639173441188559e+00,5.737838254525507997e-01,1.254107887066477467e+00
1.319659829914957427e+01,1.621393867264733668e+00,5.862654653825584150e-01,1.241988806490014197e+00
1.320660330165082463e+01,1.638783389234628851e+00,5.986250847881735559e-01,1.229598682928897180e+00
1.321660830415207499e+01,1.655803822866364516e+00,6.108600084535067420e-01,1.216940460127183821e+00
1.322661330665332713e+01,1.672451334801853928e+00,6.229675792700775094e-01,1.204017174003950030e+00
1.323661830915457749e+01,1.688722175672774162e+00,6.349451582368055291e-01,1.190831952653298886e+00
1.324662331165582785e+01,1.704612680945029934e+00,6.467901244600231525e-01,1.177388016344347310e+00
1.325662831415707821e+01,1.720119271744052103e+00,6.584998751534673067e-01,1.163688677521235171e+00
1.326663331665832857e+01,1.735238455660862211e+00,6.700718256382812710e-01,1.149737340803122398e+00
1.327663831915957893e+01,1.749966827538621095e+00,6.815034093430150097e-01,1.135537502984189873e+00
1.328664332166082929e+01,1.764301070239544300e+00,6.927920778036253946e-01,1.121092753033638978e+00
1.329664832416208142e+01,1.778237955391999137e+00,7.039355723997040570e-01,1.106406320523124709e+00
1.330665332666333178e+01,1.791774344117573969e+00,7.149351765651027479e-01,1.091475115684851893e+00
1.331665832916458214e+01,1.804907187738059582e+00,7.257891278740509211e-01,1.076300017081369909e+00
1.332666333166583250e+01,1.817633528462048620e+00,7.364943541558038875e-01,1.060884074818431388e+00
1.333666833416708286e+01,1.829950500051098716e+00,7.470478457631458680e-01,1.045230383717740352e+00
1.334667333666833322e+01,1.841855328465272779e+00,7.574466555723898820e-01,1.029342083316951983e+00
1.335667833916958358e+01,1.853345332487898567e+00,7.676878989833777478e-01,1.013222357869672408e+00
1.336668334167083572e+01,1.864417924329456078e+00,7.777687539194817479e-01,9.968744363454555835e-01
1.337668834417208608e+01,1.875070610210377797e+00,7.876864608275976343e-01,9.803015924298157380e-01
1.338669334667333644e+01,1.885300990922721187e+00,7.974383226781553979e-01,9.635071445242091581e-01
1.339669834917458680e+01,1.895106762370510456e+00,8.070217049651118302e-01,9.464944557460464036e-01
1.340670335167583715e+01,1.904485716088661462e+00,8.164340357059527431e-01,9.292669339286886432e-01
1.341670835417708751e+01,1.913435739740388053e+00,8.256728054416924145e-01,9.118280316214486536e-01
1.342671335667833965e+01,1.921954817592936848e+00,8.347355672368758084e-01,8.941812460895866010e-01
1.343671835917959001e+01,1.930041030971567872e+00,8.436199366795715804e-01,8.763301193143235857e-01
1.344672336168084037e+01,1.937692558691692879e+00,8.523235918813822920e-01,8.582782379928219907e-01
1.345672836418209073e+01,1.944907677469029927e+00,8.608442734774374161e-01,8.400292335381985831e-01
1.346673336668334109e+01,1.951684762307734911e+00,8.691797846263952243e-01,8.215867820795215160e-01
1.347673836918459145e+01,1.958022286866380579e+00,8.773279910104428980e-01,8.029546044618092182e-01
1.348674337168584181e+01,1.963918823801714231e+00,8.852868208352964174e-01,7.841364662460320600e-01
1.349674837418709394e+01,1.969373045090137664e+00,8.930542648302016717e-01,7.651361777091073568e-01
1.350675337668834430e+01,1.974383722326793489e+00,9.006283762479293520e-01,7.459575938439142462e-01
1.351675837918959466e+01,1.978949727002236925e+00,9.080072708647831670e-01,7.266046143592725937e-01
1.352676338169084502e+01,1.983070030756596713e+00,9.151891269805940698e-01,7.070811836799563155e-01
1.353676838419209538e+01,1.986743705611178745e+00,9.221721854187219236e-01,6.873912909466909360e-01
1.354677338669334574e+01,1.989969924177474203e+00,9.289547495260550569e-01,6.675389700161526996e-01
1.355677838919459610e+01,1.992747959843499173e+00,9.355351851730111523e-01,6.475282994609692366e-01
1.356678339169584824e+01,1.995077186937445290e+00,9.419119207535371352e-01,6.273634025697153449e-01
1.357678839419709860e+01,1.996957080868592804e+00,9.480834471851059542e-01,6.070484473469277553e-01
1.358679339669834896e+01,1.998387218245459618e+00,9.540483179087220211e-01,5.865876465130835937e-01
1.359679839919959932e+01,1.999367276971159457e+00,9.598051488889183247e-01,5.659852575046144807e-01
1.360680340170084968e+01,1.999897036315943177e+00,9.653526186137555420e-01,5.452455824739034229e-01
1.361680840420210004e+01,1.999976376966912550e+00,9.706894680948239262e-01,5.243729682892840360e-01
1.362681340670335217e+01,1.999605281054890771e+00,9.758145008672431953e-01,5.033718065350377691e-01
1.363681840920460253e+01,1.998783832158449458e+00,9.807265829896589793e-01,4.822465335114075602e-01
1.364682341170585289e+01,1.997512215285081938e+00,9.854246430442485938e-01,4.610016302345774086e-01
1.365682841420710325e+01,1.995790716829538347e+00,9.899076721367171539e-01,4.396416224366848091e-01
1.366683341670835361e+01,1.993619724509321900e+00,9.941747238962986843e-01,4.181710805658195307e-01
1.367683841920960397e+01,1.990999727277366738e+00,9.982249144757556758e-01,3.965946197860213962e-01
1.368684342171085433e+01,1.987931315211917793e+00,1.002057422551379640e+00,3.749168999772819477e-01
1.369684842421210647e+01,1.984415179383628436e+00,1.005671489322991441e+00,3.531426257355396725e-01
1.370685342671335682e+01,1.980452111699922968e+00,1.009066418513938856e+00,3.312765463726957682e-01
1.371685842921460718e+01,1.976043004726635965e+00,1.012241576371100127e+00,3.093234559165910502e-01
1.372686343171585754e+01,1.971188851486991300e+00,1.015196391664882292e+00,2.872881931110207177e-01
1.373686843421710790e+01,1.965890745237954595e+00,1.017930355689220079e+00,2.651756414157317998e-01
1.374687343671835826e+01,1.960149879224003522e+00,1.020443022261577903e+00,2.429907290064217129e-01
1.375687843921960862e+01,1.953967546408386324e+00,1.022734007722948535e+00,2.207384287747395923e-01
1.376688344172086076e+01,1.947345139181924756e+00,1.024802990937854430e+00,1.984237583282812967e-01
1.377688844422211112e+01,1.940284149049407381e+00,1.026649713294344846e+00,1.760517799906055059e-01
1.378689344672336148e+01,1.932786166293684493e+00,1.028273978703999392e+00,1.536276008012101846e-01
1.379689844922461184e+01,1.924852879617491519e+00,1.029675653601926477e+00,1.311563725155490134e-01
1.380690345172586220e+01,1.916486075763122354e+00,1.030854666946762421e+00,1.086432916050252828e-01
1.381690845422711256e+01,1.907687639110023925e+00,1.031811010220673230e+00,8.609359925699489047e-02
1.382691345672836292e+01,1.898459551250383237e+00,1.032544737429352821e+00,6.351258137476367693e-02
1.383691845922961505e+01,1.888803890542835262e+00,1.033055965102024798e+00,4.090556857758498310e-02
1.384692346173086541e+01,1.878722831644382030e+00,1.033344872291440453e+00,1.827793620067597047e-02
1.385692846423211577e+01,1.868218645020597091e+00,1.033411700573880987e+00,-4.364895704808580135e-03
1.386693346673336613e+01,1.857293696434288544e+00,1.033256217351715023e+00,-2.702231810322993158e-02
1.387693846923461649e+01,1.845950446412662815e+00,1.032877456659284210e+00,-4.969554468534789771e-02
1.388694347173586685e+01,1.834191449693171494e+00,1.032274901729153260e+00,-7.237889053718504773e-02
1.389694847423711899e+01,1.822019354648126033e+00,1.031448106906387441e+00,-9.506665939136367538e-02
1.390695347673836935e+01,1.809436902688237980e+00,1.030396693495904348e+00,-1.177531936265899248e-01
1.391695847923961971e+01,1.796446927645189540e+00,1.029120349762471021e+00,-1.404328742676778652e-01
1.392696348174087007e+01,1.783052355133389444e+00,1.027618830930706606e+00,-1.631001209855334200e-01
1.393696848424212043e+01,1.769256201891072688e+00,1.025891959185080582e+00,-1.857493920971583223e-01
1.394697348674337078e+01,1.755061575100864024e+00,1.023939623669913423e+00,-2.083751845656503232e-01
1.395697848924462114e+01,1.740471671689973077e+00,1.021761780489377047e+00,-2.309720340002027750e-01
1.396698349174587328e+01,1.725489777610188069e+00,1.019358452707493257e+00,-2.535345146561092111e-01
1.397698849424712364e+01,1.710119267097806262e+00,1.016729730348136407e+00,-2.760572394347466929e-01
1.398699349674837400e+01,1.694363601913675632e+00,1.013875770395030740e+00,-2.985348598836004563e-01
1.399699849924962436e+01,1.678226330563546309e+00,1.010796796791751717e+00,-3.209620661962473975e-01
1.400700350175087472e+01,1.661711087498864092e+00,1.007493100441725575e+00,-3.433335872123604582e-01
1.401700850425212508e+01,1.644821592298232327e+00,1.003965039208229548e+00,-3.656441904177082924e-01
1.402701350675337544e+01,1.627561648829660701e+00,1.000213037914392311e+00,-3.878886819441553224e-01
1.403701850925462757e+01,1.609935144393866979e+00,9.962375883431922041e-01,-4.100619065696660681e-01
1.404702351175587793e+01,1.591946048848787099e+00,9.920392492374608961e-01,-4.321587477182889381e-01
1.405702851425712829e+01,1.573598413715451727e+00,9.876186462998788329e-01,-4.541741274601800993e-01
1.406703351675837865e+01,1.554896371265531707e+00,9.829764721929783455e-01,-4.761030065115873788e-01
1.407703851925962901e+01,1.535844133590635430e+00,9.781134865391423183e-01,-4.979403842348548714e-01
1.408704352176087937e+01,1.516445991653668557e+00,9.730305159206050769e-01,-5.196812986384223843e-01
1.409704852426213151e+01,1.496706314322434617e+00,9.677284538794506119e-01,-5.413208263768289896e-01
1.410705352676338187e+01,1.476629547385641450e+00,9.622082609176167978e-01,-5.628540827506989253e-01
1.411705852926463223e+01,1.456220212551654569e+00,9.564709644968896196e-01,-5.842762217067631880e-01
1.412706353176588259e+01,1.435482906430079586e+00,9.505176590389071700e-01,-6.055824358378451011e-01
1.413706853426713295e+01,1.414422299496524538e+00,9.443495059251583168e-01,-6.267679563828636446e-01
1.414707353676838331e+01,1.393043135040725744e+00,9.379677334969827029e-01,-6.478280532268340108e-01
1.415707853926963367e+01,1.371350228098229485e+00,9.313736370555714128e-01,-6.687580349008666047e-01
1.416708354177088580e+01,1.349348464365960565e+00,9.245685788619648626e-01,-6.895532485821721513e-01
1.417708854427213616e+01,1.327042799101876058e+00,9.175539881370582407e-01,-7.102090800940455972e-01
1.418709354677338652e+01,1.304438256008901176e+00,9.103313610615940688e-01,-7.307209539058893144e-01
1.419709854927463688e+01,1.281539926103528737e+00,9.029022607761670871e-01,-7.510843331331974460e-01
1.420710355177588724e+01,1.258352966569177944e+00,8.952683173812228112e-01,-7.712947195375600140e-01
1.421710855427713760e+01,1.234882599594710140e+00,8.874312279370577539e-01,-7.913476535266631418e-01
1.422711355677838796e+01,1.211134111198277408e+00,8.793927564638197580e-01,-8.112387141542889424e-01
1.423711855927964010e+01,1.187112850036788902e+00,8.711547339415055546e-01,-8.309635191203181837e-01
1.424712356178089045e+01,1.162824226201326638e+00,8.627190583099677568e-01,-8.505177247707179644e-01
1.425712856428214081e+01,1.138273709998612215e+00,8.540876944689052008e-01,-8.698970260975609214e-01
1.426713356678339117e+01,1.113466830719023637e+00,8.452626742778693858e-01,-8.890971567390124619e-01
1.427713856928464153e+01,1.088409175391273243e+00,8.362460965562625859e-01,-9.081138889793337610e-01
1.428714357178589189e+01,1.063106387524084262e+00,8.270401270833382945e-01,-9.269430337488822058e-01
1.429714857428714403e+01,1.037564165835173968e+00,8.176469985981988930e-01,-9.455804406241137272e-01
1.430715357678839439e+01,1.011788262967769914e+00,8.080690107998032001e-01,-9.640219978275706980e-01
1.431715857928964475e+01,9.857844841949829906e-01,7.983085303469554805e-01,-9.822636322279006960e-01
1.432716358179089511e+01,9.595586861123562850e-01,7.883679908583132168e-01,-1.000301309339844957e+00
1.433716858429214547e+01,9.331167753188243097e-01,7.782498929123842224e-01,-1.018131033324239043e+00
1.434717358679339583e+01,9.064647070864486622e-01,7.679568040475279744e-01,-1.035748846988016281e+00
1.435717858929464619e+01,8.796084840191286114e-01,7.574913587619541699e-01,-1.053150831784203767e+00
1.436718359179589832e+01,8.525541547007073895e-01,7.468562585137221710e-01,-1.070333107811929141e+00
1.437718859429714868e+01,8.253078123327238780e-01,7.360542717207476660e-01,-1.087291833816405928e+00
1.438719359679839904e+01,7.978755933620510499e-01,7.250882337607915673e-01,-1.104023207188953304e+00
1.439719859929964940e+01,7.702636760988912368e-01,7.139596259373182097e-01,-1.120524668673985147e+00
1.440720360180089976e+01,7.424782793252460156e-01,7.026675108731064157e-01,-1.136795001846287123e+00
1.441720860430215012e+01,7.145256608943355570e-01,6.912141187302340839e-01,-1.152829646980191525e+00
1.442721360680340048e+01,6.864121163212190124e-01,6.796018794267519869e-01,-1.168623980337820667e+00
1.443721860930465262e+01,6.581439773648661840e-01,6.678332534710973434e-01,-1.184173475712344104e+00
1.444722361180590298e+01,6.297276106021661990e-01,6.559107319621020338e-01,-1.199473704427967746e+00
1.445722861430715334e+01,6.011694159939943161e-01,6.438368365889806100e-01,-1.214520335339950519e+00
1.446723361680840370e+01,5.724758254438264693e-01,6.316141196313380668e-01,-1.229309134834592143e+00
1.447723861930965406e+01,5.436533013491606781e-01,6.192451639591680657e-01,-1.243835966829238027e+00
1.448724362181090441e+01,5.147083351460087774e-01,6.067325830328528236e-01,-1.258096792772277484e+00
1.449724862431215655e+01,4.856474458469094424e-01,5.940790209031610036e-01,-1.272087671643146400e+00
1.450725362681340691e+01,4.564771785727310127e-01,5.812871522112565970e-01,-1.285804759952318577e+00
1.451725862931465727e+01,4.272041030785246885e-01,5.683596821886851558e-01,-1.299244311741319269e+00
1.452726363181590763e+01,3.978348122739334136e-01,5.552993466573834525e-01,-1.312402678582715421e+00
1.453726863431715799e+01,3.683759207382822920e-01,5.421089120296767039e-01,-1.325276309580119438e+00
1.454727363681840835e+01,3.388340632308642353e-01,5.287911753082786825e-01,-1.337861751368187413e+00
1.455727863931965871e+01,3.092158931966466073e-01,5.153489640862918275e-01,-1.350155648112620010e+00
1.456728364182091084e+01,2.795280812677617410e-01,5.017851365472045799e-01,-1.362154741510165135e+00
1.457728864432216120e+01,2.497773137611972449e-01,4.881025814649014860e-01,-1.373855870788607714e+00
1.458729364682341156e+01,2.199702911728130816e-01,4.743042182036481536e-01,-1.385255972706784799e+00
1.459729864932466192e+01,1.901137266683058102e-01,4.603929967181015215e-01,-1.396352081554574909e+00
1.460730365182591228e+01,1.602143445712489178e-01,4.463718975533068067e-01,-1.407141329152901355e+00
1.461730865432716264e+01,1.302788788486273497e-01,4.322439318446980594e-01,-1.417620944853732023e+00
1.462731365682841300e+01,1.003140715942354572e-01,4.180121413180976075e-01,-1.427788255540079376e+00
1.463731865932966514e+01,7.032667151016663842e-02,4.036795982897143364e-01,-1.437640685626001558e+00
1.464732366183091550e+01,4.032343238692102233e-02,3.892494056661527368e-01,-1.447175757056596623e+00
1.465732866433216586e+01,1.031111158226080508e-02,3.747246969443988607e-01,-1.456391089308012088e+00
1.466733366683341622e+01,-1.970353150066700768e-02,3.601086362118293693e-01,-1.465284399387438707e+00
1.467733866933466658e+01,-4.971373693566839835e-02,3.454044181462099239e-01,-1.473853501833110258e+00
1.468734367183591694e+01,-7.971274579602188881e-02,3.306152680156944634e-01,-1.482096308714306865e+00
1.469734867433716730e+01,-1.096938016767091129e-01,3.157444416788259267e-01,-1.490010829631352118e+00
1.470735367683841943e+01,-1.396501522160773778e-01,3.007952255845326994e-01,-1.497595171715615514e+00
1.471735867933966979e+01,-1.695750506166625871e-01,2.857709367721399385e-01,-1.504847539629507347e+00
1.472736368184092015e+01,-1.994617571646526422e-01,2.706749228713535849e-01,-1.511766235566486039e+00
1.473736868434217051e+01,-2.293035407478616894e-01,2.555105621022706885e-01,-1.518349659251053474e+00
1.474737368684342087e+01,-2.590936803716962777e-01,2.402812632753766886e-01,-1.524596307938755890e+00
1.475737868934467123e+01,-2.888254666728429787e-01,2.249904657915459683e-01,-1.530504776416184098e+00
1.476738369184592337e+01,-3.184922034304067395e-01,2.096416396420386352e-01,-1.536073757000974371e+00
1.477738869434717373e+01,-3.480872090739839941e-01,1.942382854085115129e-01,-1.541302039541804447e+00
1.478739369684842409e+01,-3.776038181885412182e-01,1.787839342630017647e-01,-1.546188511418399525e+00
1.479739869934967444e+01,-4.070353830155848951e-01,1.632821479679382737e-01,-1.550732157541528489e+00
1.480740370185092480e+01,-4.363752749503551631e-01,1.477365188761379233e-01,-1.554932060353004575e+00
1.481740870435217516e+01,-4.656168860347681404e-01,1.321506699308067079e-01,-1.558787399825685371e+00
1.482741370685342552e+01,-4.947536304456386924e-01,1.165282546655388440e-01,-1.562297453463473484e+00
1.483741870935467766e+01,-5.237789459779594869e-01,1.008729572043147726e-01,-1.565461596301315872e+00
1.484742371185592802e+01,-5.526862955228265539e-01,8.518849226151115062e-02,-1.568279300905202955e+00
1.485742871435717838e+01,-5.814691685397463949e-01,6.947860514188597403e-02,-1.570750137372170618e+00
1.486743371685842874e+01,-6.101210825229604895e-01,5.374707174058734882e-02,-1.572873773330299541e+00
1.487743871935967910e+01,-6.386355844614199917e-01,3.799769854315304674e-02,-1.574649973938714087e+00
1.488744372186092946e+01,-6.670062522921463843e-01,2.223432262550861793e-02,-1.576078601887583863e+00
1.489744872436217982e+01,-6.952266963466209315e-01,6.458726778540422805e-03,-1.577159854805045613e+00
1.490745372686343195e+01,-7.232905607898518774e-01,-9.329034093001946359e-03,-1.577893470095904638e+00
1.491745872936468231e+01,-7.511915250518551579e-01,-2.512505741899347805e-02,-1.578278256372001254e+00
1.492746373186593267e+01,-7.789233052511920219e-01,-4.092537555721167952e-02,-1.578313114900164571e+00
1.493746873436718303e+01,-8.064796556102110658e-01,-5.672604564162085639e-02,-1.577997056507761897e+00
1.494747373686843339e+01,-8.338543698617412181e-01,-7.252314958237494891e-02,-1.577329201582700069e+00
1.495747873936968375e+01,-8.610412826468470948e-01,-8.831279406581742097e-02,-1.576308780073424343e+00
1.496748374187093589e+01,-8.880342709034422244e-01,-1.040911105544841814e-01,-1.574935131488919504e+00
1.497748874437218625e+01,-9.148272552452796358e-01,-1.198542552870923150e-01,-1.573207704898709647e+00
1.498749374687343661e+01,-9.414142013312013502e-01,-1.355984092785569028e-01,-1.571126058932857061e+00
1.499749874937468697e+01,-9.677891212241792607e-01,-1.513197783199798363e-01,-1.568689861781963790e+00
1.500750375187593733e+01,-9.939460747399054830e-01,-1.670145929786525651e-01,-1.565898891197170517e+00
1.501750875437718769e+01,-1.019879170784683486e+00,-1.826791085980561946e-01,-1.562753034490157233e+00
1.502751375687843804e+01,-1.045582568682207114e+00,-1.983096052978613744e-01,-1.559252288533142572e+00
1.503751875937969018e+01,-1.071050479488985019e+00,-2.139023879739310463e-01,-1.555396759758883807e+00
1.504752376188094054e+01,-1.096277167298173927e+00,-2.294537862983096199e-01,-1.551186664160679296e+00
1.505752876438219090e+01,-1.121256950531377861e+00,-2.449601547192392093e-01,-1.546622327292364041e+00
1.506753376688344126e+01,-1.145984203218299857e+00,-2.604178724611490026e-01,-1.541704184268313460e+00
1.507753876938469162e+01,-1.170453356263809752e+00,-2.758233435246573717e-01,-1.536432779763441392e+00
1.508754377188594198e+01,-1.194658898702204652e+00,-2.911729966865729269e-01,-1.530808768013200982e+00
1.509754877438719234e+01,-1.218595378938428064e+00,-3.064632854998931011e-01,-1.524832912813584018e+00
1.510755377688844447e+01,-1.242257405975865980e+00,-3.216906882938082579e-01,-1.518506087521120929e+00
1.511755877938969483e+01,-1.265639650630495217e+00,-3.368517081736898677e-01,-1.511829275052883670e+00
1.512756378189094519e+01,-1.288736846731166619e+00,-3.519428730211072720e-01,-1.504803567886480398e+00
1.513756878439219555e+01,-1.311543792305613465e+00,-3.669607354938166366e-01,-1.497430168060059685e+00
1.514757378689344591e+01,-1.334055350752081148e+00,-3.819018730257638383e-01,-1.489710387172308526e+00
1.515757878939469627e+01,-1.356266451996177569e+00,-3.967628878270841875e-01,-1.481645646382453219e+00
1.516758379189594841e+01,-1.378172093632769712e+00,-4.115404068841052587e-01,-1.473237476410257374e+00
1.517758879439719877e+01,-1.399767342052614438e+00,-4.262310819593364553e-01,-1.464487517536028793e+00
1.518759379689844913e+01,-1.421047333553520975e+00,-4.408315895914845517e-01,-1.455397519600608813e+00
1.519759879939969949e+01,-1.442007275435770008e+00,-4.553386310954433136e-01,-1.445969342005380298e+00
1.520760380190094985e+01,-1.462642447081512476e+00,-4.697489325622960510e-01,-1.436204953712264532e+00
1.521760880440220021e+01,-1.482948201017958434e+00,-4.840592448593157293e-01,-1.426106433243721883e+00
1.522761380690345057e+01,-1.502919963964089112e+00,-4.982663436299649140e-01,-1.415675968682752028e+00
1.523761880940470270e+01,-1.522553237860641673e+00,-5.123670292938982129e-01,-1.404915857672891288e+00
1.524762381190595306e+01,-1.541843600883175736e+00,-5.263581270469523954e-01,-1.393828507418221507e+00
1.525762881440720342e+01,-1.560786708437970738e+00,-5.402364868611609916e-01,-1.382416434683356954e+00
1.526763381690845378e+01,-1.579378294140504568e+00,-5.539989834847454109e-01,-1.370682265793453647e+00
1.527763881940970414e+01,-1.597614170776341602e+00,-5.676425164421159408e-01,-1.358628736634205803e+00
1.528764382191095450e+01,-1.615490231244164798e+00,-5.811640100338726356e-01,-1.346258692651847610e+00
1.529764882441220486e+01,-1.633002449480806195e+00,-5.945604133368053157e-01,-1.333575088853151458e+00
1.530765382691345700e+01,-1.650146881367987373e+00,-6.078287002038953446e-01,-1.320580989805426819e+00
1.531765882941470736e+01,-1.666919665620605784e+00,-6.209658692643074129e-01,-1.307279569636529137e+00
1.532766383191595772e+01,-1.683317024656404870e+00,-6.339689439234018620e-01,-1.293674112034846058e+00
1.533766883441720807e+01,-1.699335265446733745e+00,-6.468349723627270231e-01,-1.279768010249306309e+00
1.534767383691845843e+01,-1.714970780348320956e+00,-6.595610275400204392e-01,-1.265564767089377929e+00
1.535767883941970879e+01,-1.730220047915780324e+00,-6.721442071892095305e-01,-1.251067994925067595e+00
1.536768384192096093e+01,-1.745079633694702759e+00,-6.845816338204132601e-01,-1.236281415686918850e+00
1.537768884442221129e+01,-1.759546190995193049e+00,-6.968704547199336963e-01,-1.221208860866021650e+00
1.538769384692346165e+01,-1.773616461645585840e+00,-7.090078419502691132e-01,-1.205854271513997933e+00
1.539769884942471201e+01,-1.787287276726279073e+00,-7.209909923501052198e-01,-1.190221698243010051e+00
1.540770385192596237e+01,-1.800555557283429309e+00,-7.328171275343169366e-01,-1.174315301225760555e+00
1.541770885442721273e+01,-1.813418315022388594e+00,-7.444834938939695057e-01,-1.158139350195490636e+00
1.542771385692846309e+01,-1.825872652980749633e+00,-7.559873625963171584e-01,-1.141698224445979903e+00
1.543771885942971522e+01,-1.837915766180791444e+00,-7.673260295848057799e-01,-1.124996412831545056e+00
1.544772386193096558e+01,-1.849544942261213132e+00,-7.784968330445638518e-01,-1.108038480878074994e+00
1.545772886443221594e+01,-1.860757562088031669e+00,-7.895003505670580290e-01,-1.090822623300893524e+00
1.546773386693346630e+01,-1.871551100344445828e+00,-8.003358612046744813e-01,-1.073348176760079875e+00
1.547773886943471666e+01,-1.881923126099607657e+00,-8.110000937448740288e-01,-1.055619145409522730e+00
1.548774387193596702e+01,-1.891871303356109646e+00,-8.214898507035969244e-01,-1.037639575147532245e+00
1.549774887443721738e+01,-1.901393391576101655e+00,-8.318020083252621877e-01,-1.019413553616839829e+00
1.550775387693846952e+01,-1.910487246185912147e+00,-8.419335165827697143e-01,-1.000945210204594371e+00
1.551775887943971988e+01,-1.919150819059033619e+00,-8.518813991774930594e-01,-9.822387160423760033e-01
1.552776388194097024e+01,-1.927382158977429594e+00,-8.616427535392902071e-01,-9.632982840061762309e-01
1.553776888444222060e+01,-1.935179412070972216e+00,-8.712147508264964646e-01,-9.441281687164108094e-01
1.554777388694347096e+01,-1.942540822234977149e+00,-8.805946359259260170e-01,-9.247326665379167476e-01
1.555777888944472132e+01,-1.949464731525716532e+00,-8.897797274528721490e-01,-9.051161155799520852e-01
1.556778389194597167e+01,-1.955949580533816512e+00,-8.987674177511073559e-01,-8.852828956961962259e-01
1.557778889444722381e+01,-1.961993908735479630e+00,-9.075551728928842321e-01,-8.652374284847460517e-01
1.558779389694847417e+01,-1.967596354821413485e+00,-9.161405326789302528e-01,-8.449841772881301338e-01
1.559779889944972453e+01,-1.972755657003436802e+00,-9.245211106384563227e-01,-8.245276471932876383e-01
1.560780390195097489e+01,-1.977470653298654124e+00,-9.326945940291508919e-01,-8.038723850315827590e-01
1.561780890445222525e+01,-1.981740281791157576e+00,-9.406587438371815102e-01,-7.830229793788001658e-01
1.562781390695347561e+01,-1.985563580871198885e+00,-9.484113947771947162e-01,-7.619840605551460033e-01
1.563781890945472774e+01,-1.988939689451759474e+00,-9.559504552923172582e-01,-7.407603006252442279e-01
1.564782391195597810e+01,-1.991867847162483995e+00,-9.632739075541510987e-01,-7.193564133981504849e-01
1.565782891445722846e+01,-1.994347394520936456e+00,-9.703798074627811854e-01,-6.977771544273307924e-01
1.566783391695847882e+01,-1.996377773081125184e+00,-9.772662846467702336e-01,-6.760273210106757524e-01
1.567783891945972918e+01,-1.997958525559279108e+00,-9.839315424631598361e-01,-6.541117521904975529e-01
1.568784392196097954e+01,-1.999089295936836708e+00,-9.903738579974706857e-01,-6.320353287535290798e-01
1.569784892446222990e+01,-1.999769829540628319e+00,-9.965915820637025746e-01,-6.098029732309246942e-01
1.570785392696348204e+01,-1.999999973100235140e+00,-1.002583139204335394e+00,-5.874196498982556802e-01
1.571785892946473240e+01,-1.999779674782507843e+00,-1.008347027690324582e+00,-5.648903647755264545e-01
1.572786393196598276e+01,-1.999108984203241013e+00,-1.013881819521108341e+00,-5.422201656271509185e-01
1.573786893446723312e+01,-1.997988052415998306e+00,-1.019186160424602416e+00,-5.194141419619677791e-01
1.574787393696848348e+01,-1.996417131878092777e+00,-1.024258769857201656e+00,-4.964774250332371075e-01
1.575787893946973384e+01,-1.994396576393727472e+00,-1.029098441003780007e+00,-4.734151878386397838e-01
1.576788394197098420e+01,-1.991926841034310947e+00,-1.033704040777690514e+00,-4.502326451202781632e-01
1.577788894447223633e+01,-1.989008482035965919e+00,-1.038074509820765767e+00,-4.269350533646716350e-01
1.578789394697348669e+01,-1.985642156674254810e+00,-1.042208862503315459e+00,-4.035277108027730542e-01
1.579789894947473705e+01,-1.981828623116146604e+00,-1.046106186924130377e+00,-3.800159574099440940e-01
1.580790395197598741e+01,-1.977568740249259660e+00,-1.049765644910479523e+00,-3.564051749059712337e-01
1.581790895447723777e+01,-1.972863467488424893e+00,-1.053186472018110997e+00,-3.327007867550628717e-01
1.582791395697848813e+01,-1.967713864559604175e+00,-1.056367977531252222e+00,-3.089082581658478821e-01
1.583791895947974027e+01,-1.962121091261215922e+00,-1.059309544462609498e+00,-2.850330960913727285e-01
1.584792396198099063e+01,-1.956086407202934474e+00,-1.062010629553367558e+00,-2.610808492291170069e-01
1.585792896448224099e+01,-1.949611171521983488e+00,-1.064470763273190457e+00,-2.370571080209690207e-01
1.586793396698349135e+01,-1.942696842577041005e+00,-1.066689549820222016e+00,-2.129675046532427674e-01
1.587793896948474170e+01,-1.935344977619783080e+00,-1.068666667121084712e+00,-1.888177130566733863e-01
1.588794397198599206e+01,-1.927557232444156554e+00,-1.070401866830879456e+00,-1.646134489064166040e-01
1.589794897448724242e+01,-1.919335361013467578e+00,-1.071894974333186701e+00,-1.403604696220493997e-01
1.590795397698849456e+01,-1.910681215065338057e+00,-1.073145888740066223e+00,-1.160645743675663422e-01
1.591795897948974492e+01,-1.901596743694672353e+00,-1.074154582892056009e+00,-9.173160405139535456e-02
1.592796398199099528e+01,-1.892083992914665336e+00,-1.074921103358173591e+00,-6.736744132637273452e-02
1.593796898449224564e+01,-1.882145105196003199e+00,-1.075445570435915599e+00,-4.297801058976036259e-02
1.594797398699349600e+01,-1.871782318984342330e+00,-1.075728178151257541e+00,-1.856927798324115031e-02
1.595797898949474636e+01,-1.860997968196149488e+00,-1.075769194258654249e+00,5.852748607080737742e-03
1.596798399199599672e+01,-1.849794481693062043e+00,-1.075568960241039207e+00,3.028201955068010598e-02
1.597798899449724885e+01,-1.838174382734865775e+00,-1.075127891309824779e+00,5.471244347261494667e-02
1.598799399699849921e+01,-1.826140288411185253e+00,-1.074446476404902873e+00,7.913788725350845432e-02
1.599799899949974957e+01,-1.813694909052082194e+00,-1.073525278194644050e+00,1.035521760295772253e-01
1.600800400200100171e+01,-1.800841047617609769e+00,-1.072364926137685748e+00,1.279491341344715094e-01
1.601800900450225029e+01,-1.787581599066550675e+00,-1.070964705827018637e+00,1.523297374802053128e-01
1.602801400700350243e+01,-1.773919549704390919e+00,-1.069323657479500200e+00,1.766928281225233488e-01
1.603801900950475101e+01,-1.759857976510753375e+00,-1.067441666815995838e+00,2.010318763630637440e-01
1.604802401200600315e+01,-1.745400046446391240e+00,-1.065318689855896839e+00,2.253404102169933032e-01
1.605802901450725173e+01,-1.730549015739938579e+00,-1.062954752917123491e+00,2.496120154129382041e-01
1.606803401700850387e+01,-1.715308229154498987e+00,-1.060349952616121305e+00,2.738403353930530804e-01
1.607803901950975600e+01,-1.699681119234396798e+00,-1.057504455867865012e+00,2.980190713129607372e-01
1.608804402201100459e+01,-1.683671205532037529e+00,-1.054418499885856786e+00,3.221419820417778523e-01
1.609804902451225672e+01,-1.667282093815257493e+00,-1.051092392182123358e+00,3.462028841621410669e-01
1.610805402701350530e+01,-1.650517475255243172e+00,-1.047526510567222680e+00,3.701956519701463666e-01
1.611805902951475744e+01,-1.633381125595153582e+00,-1.043721303150235924e+00,3.941142174754182492e-01
1.612806403201600602e+01,-1.615876904299820893e+00,-1.039677288338775929e+00,4.179525704010410014e-01
1.613806903451725816e+01,-1.598008753686428252e+00,-1.035395054838978091e+00,4.417047581836265890e-01
1.614807403701851030e+01,-1.579780698036691522e+00,-1.030875261655508801e+00,4.653648859732558707e-01
1.615807903951975888e+01,-1.561196842690478093e+00,-1.026118638091562563e+00,4.889271166335036334e-01
1.616808404202101102e+01,-1.542261373121167178e+00,-1.021125983748855548e+00,5.123856707414636835e-01
1.617808904452225960e+01,-1.522978553993074025e+00,-1.015898168527638479e+00,5.357348265876904492e-01
1.618809404702351173e+01,-1.503352728200858079e+00,-1.010436132626682415e+00,5.589689201762657600e-01
1.619809904952476032e+01,-1.483388315891499554e+00,-1.004740886543292744e+00,5.820823452247320118e-01
1.620810405202601245e+01,-1.463089813468735123e+00,-9.988135110732947464e-01,6.050695531641587799e-01
1.621810905452726459e+01,-1.442461792580385094e+00,-9.926551573110466986e-01,6.279250531390845325e-01
1.622811405702851317e+01,-1.421508899088764100e+00,-9.862670466494347643e-01,6.506434120075427208e-01
1.623811905952976531e+01,-1.400235852024250605e+00,-9.796504707798653344e-01,6.732192543410837615e-01
1.624812406203101389e+01,-1.378647442522552558e+00,-9.728067916922815694e-01,6.956472624247213021e-01
1.625812906453226603e+01,-1.356748532745582603e+00,-9.657374416751443036e-01,7.179221762569932830e-01
1.626813406703351461e+01,-1.334544054786422684e+00,-9.584439233154515847e-01,7.400387935499015413e-01
1.627813906953476675e+01,-1.312039009558503277e+00,-9.509278094987185792e-01,7.619919697289719851e-01
1.628814407203601888e+01,-1.289238465669308775e+00,-9.431907434089954467e-01,7.837766179332019689e-01
1.629814907453726747e+01,-1.266147558278810648e+00,-9.352344385288599016e-01,8.053877090150824980e-01
1.630815407703851960e+01,-1.242771487942910591e+00,-9.270606786394087750e-01,8.268202715406214320e-01
1.631815907953976819e+01,-1.219115519442182771e+00,-9.186713178202774444e-01,8.480693917892908607e-01
1.632816408204102032e+01,-1.195184980596124102e+00,-9.100682804496167400e-01,8.691302137540859452e-01
1.633816908454226891e+01,-1.170985261063245852e+00,-9.012535612041172595e-01,8.899979391414665209e-01
1.634817408704352104e+01,-1.146521811127141133e+00,-8.922292250589838325e-01,9.106678273714166050e-01
1.635817908954477318e+01,-1.121800140469070728e+00,-8.829974072879589464e-01,9.311351955773905509e-01
1.636818409204602176e+01,-1.096825816926968900e+00,-8.735603134633117550e-01,9.513954186063383611e-01
1.637818909454727390e+01,-1.071604465241495996e+00,-8.639202194558293080e-01,9.714439290187246723e-01
1.638819409704852248e+01,-1.046141765789247557e+00,-8.540794714348391992e-01,9.912762170884796831e-01
1.639819909954977462e+01,-1.020443453303342185e+00,-8.440404858681824773e-01,1.010887830803056442e+00
1.640820410205102675e+01,-9.945153155819480562e-01,-8.338057495222381821e-01,1.030274375863379666e+00
1.641820910455227533e+01,-9.683631921846473922e-01,-8.233778194619127966e-01,1.049431515683869831e+00
1.642821410705352747e+01,-9.419929731172926868e-01,-8.127593230506289235e-01,1.068354971392460273e+00
1.643821910955477605e+01,-9.154105975054738220e-01,-8.019529579503514860e-01,1.087040521830552331e+00
1.644822411205602819e+01,-8.886220522568269997e-01,-7.909614921215577521e-01,1.105484003553067751e+00
1.645822911455727677e+01,-8.616333707127780128e-01,-7.797877638232673103e-01,1.123681310828395175e+00
1.646823411705852891e+01,-8.344506312895673128e-01,-7.684346816130116498e-01,1.141628395638444315e+00
1.647823911955978105e+01,-8.070799561093785490e-01,-7.569052243468612495e-01,1.159321267678598666e+00
1.648824412206102963e+01,-7.795275096214636656e-01,-7.452024411794146985e-01,1.176755994357737034e+00
1.649824912456228176e+01,-7.517994972137341803e-01,-7.333294515637844846e-01,1.193928700798248865e+00
1.650825412706353035e+01,-7.239021638152950411e-01,-7.212894452516278587e-01,1.210835569835994718e+00
1.651825912956478248e+01,-6.958417924898122608e-01,-7.090856822931124182e-01,1.227472842020352894e+00
1.652826413206603107e+01,-6.676247030205600952e-01,-6.967213221902489595e-01,1.243836952873936585e+00
1.653826913456728320e+01,-6.392572504869938887e-01,-6.841959071386820579e-01,1.259926921780785580e+00
1.654827413706853534e+01,-6.107458238334733114e-01,-6.715108725427288983e-01,1.275739290990696162e+00
1.655827913956978392e+01,-5.820968444303922240e-01,-6.586691391419879915e-01,1.291269387500334709e+00
1.656828414207103606e+01,-5.533167646278366325e-01,-6.456736530082121117e-01,1.306512653012210423e+00
1.657828914457228464e+01,-5.244120663025019224e-01,-6.325273855453410476e-01,1.321464643934637140e+00
1.658829414707353678e+01,-4.953892593977577974e-01,-6.192333334894639663e-01,1.336121031381776403e+00
1.659829914957478536e+01,-4.662548804575059047e-01,-6.057945189088573823e-01,1.350477601173595499e+00
1.660830415207603750e+01,-4.370154911539999576e-01,-5.922139892039471887e-01,1.364530253835908535e+00
1.661830915457728963e+01,-4.076776768100404125e-01,-5.784948171073417411e-01,1.378275004600340914e+00
1.662831415707853822e+01,-3.782480449158081570e-01,-5.646401006838178693e-01,1.391707983404344651e+00
1.663831915957979035e+01,-3.487332236407051922e-01,-5.506529633303063331e-01,1.404825434891212810e+00
1.664832416208103893e+01,-3.191398603405731227e-01,-5.365365537759254622e-01,1.417623718410045752e+00
1.665832916458229107e+01,-2.894746200605553543e-01,-5.222940460819422981e-01,1.430099308015788884e+00
1.666833416708353965e+01,-2.597441840340243835e-01,-5.079286396418123406e-01,1.442248792469195795e+00
1.667833916958479179e+01,-2.299552481777440704e-01,-4.934435591811388577e-01,1.454068875236864455e+00
1.668834417208604393e+01,-2.001145215839352509e-01,-4.788420547577089681e-01,1.465556374491206126e+00
1.669834917458729251e+01,-1.702287250091281956e-01,-4.641274017614782643e-01,1.476708223110458684e+00
1.670835417708854465e+01,-1.403045893605637806e-01,-4.493029009145546593e-01,1.487521468678698611e+00
1.671835917958979323e+01,-1.103488541802734313e-01,-4.343718782712359117e-01,1.497993273485813459e+00
1.672836418209104536e+01,-8.036826612710822049e-02,-4.193376852179665493e-01,1.508120914527531831e+00
1.673836918459229395e+01,-5.036957745738467052e-02,-4.042036984733807792e-01,1.517901783505394064e+00
1.674837418709354608e+01,-2.035954450397911564e-02,-3.889733200882599107e-01,1.527333386826781547e+00
1.675837918959479822e+01,9.655073845212131314e-03,-3.736499774455692702e-01,1.536413345604891845e+00
1.676838419209604680e+01,3.966751766956560371e-02,-3.582371232604431577e-01,1.545139395658748471e+00
1.677838919459729894e+01,6.967102753825608896e-02,-3.427382355801674163e-01,1.553509387513211770e+00
1.678839419709854752e+01,9.965884603249416940e-02,-3.271568177842182346e-01,1.561521286398955599e+00
1.679839919959979966e+01,1.296242192675946536e-01,-3.114963985842181260e-01,1.569173172252491977e+00
1.680840420210105179e+01,1.595603984139650211e-01,-2.957605320239745095e-01,1.576463239716151321e+00
1.681840920460230038e+01,1.894606412171330190e-01,-2.799527974794630558e-01,1.583389798138090221e+00
1.682841420710355251e+01,2.193182135162929369e-01,-2.640767996588113120e-01,1.589951271572300096e+00
1.683841920960480110e+01,2.491263907608523842e-01,-2.481361686023371704e-01,1.596146198778588099e+00
1.684842421210605323e+01,2.788784595250973775e-01,-2.321345596825045154e-01,1.601973233222597326e+00
1.685842921460730182e+01,3.085677190200623032e-01,-2.160756536039682429e-01,1.607431143075789048e+00
1.686843421710855395e+01,3.381874826027724823e-01,-1.999631564035287412e-01,1.612518811215458925e+00
1.687843921960980609e+01,3.677310792821949503e-01,-1.838007994501719145e-01,1.617235235224722567e+00
1.688844422211105467e+01,3.971918552216295861e-01,-1.675923394450518078e-01,1.621579527392523534e+00
1.689844922461230681e+01,4.265631752374109964e-01,-1.513415584214738985e-01,1.625550914713635553e+00
1.690845422711355539e+01,4.558384242931656227e-01,-1.350522637449347307e-01,1.629148738888653414e+00
1.691845922961480753e+01,4.850110089897395893e-01,-1.187282881130763412e-01,1.632372456324003629e+00
1.692846423211605611e+01,5.140743590501358762e-01,-1.023734895557320002e-01,1.635221638131933997e+00
1.693846923461730825e+01,5.430219287992917865e-01,-8.599175143487980399e-02,1.637695970130523815e+00
1.694847423711856038e+01,5.718471986382818173e-01,-6.958698244468475291e-02,1.639795252843674556e+00
1.695847923961980896e+01,6.005436765126813681e-01,-5.316311661147909984e-02,1.641519401501115860e+00
1.696848424212106110e+01,6.291048993747270224e-01,-3.672411329374591915e-02,1.642868446038404873e+00
1.697848924462230968e+01,6.575244346389098604e-01,-2.027395718216062903e-02,1.643842531096923354e+00
1.698849424712356182e+01,6.857958816307416772e-01,-3.816658299543251864e-03,1.644441916023880790e+00
1.699849924962481040e+01,7.139128730282878754e-01,1.264374799909473435e-02,1.644666974872312615e+00
1.700850425212606254e+01,7.418690762963014995e-01,2.910320102659624819e-02,1.644518196401080434e+00
1.701850925462731468e+01,7.696581951123230292e-01,4.555761476361919193e-02,1.643996184074872691e+00
1.702851425712856326e+01,7.972739707848571777e-01,6.200287785865221668e-02,1.643101656064204885e+00
1.703851925962981539e+01,8.247101836629078253e-01,7.843798540986432477e-02,1.641834857220687338e+00
1.704852426213106398e+01,8.519606545367545136e-01,9.486219699698261731e-02,1.640195168005222026e+00
1.705852926463231611e+01,8.790192460297174826e-01,1.112712145531949831e-01,1.638182246752208915e+00
1.706853426713356470e+01,9.058798639803014030e-01,1.276607728470209591e-01,1.635795861961368169e+00
1.707853926963481683e+01,9.325364588148686851e-01,1.440266425381481752e-01,1.633035891941131856e+00
1.708854427213606897e+01,9.589830269100154680e-01,1.603646301773917204e-01,1.629902324808649272e+00
1.709854927463731755e+01,9.852136119447585383e-01,1.766705782067115316e-01,1.626395258489785167e+00
1.710855427713856969e+01,1.011222306242065994e+00,1.929403649592296710e-01,1.622514900719115971e+00
1.711855927963981827e+01,1.037003252099278905e+00,2.091699046591900257e-01,1.618261569039938008e+00
1.712856428214107041e+01,1.062550643107524007e+00,2.253551474220043815e-01,1.613635690804256617e+00
1.713856928464231899e+01,1.087858725459322606e+00,2.414920792542061823e-01,1.608637803172798586e+00
1.714857428714357113e+01,1.112921799244540821e+00,2.575767220534970203e-01,1.603268553114999273e+00
1.715857928964482326e+01,1.137734219734110486e+00,2.736051336087056973e-01,1.597528697409013931e+00
1.716858429214607185e+01,1.162290398651294243e+00,2.895734075998063206e-01,1.591419102641713046e+00
1.717858929464732398e+01,1.186584805430380696e+00,3.054776735979345959e-01,1.584940745208675894e+00
1.718859429714857256e+01,1.210611968462180110e+00,3.213140970653485806e-01,1.578094711314205645e+00
1.719859929964982470e+01,1.234366476326413498e+00,3.370788793554736484e-01,1.570882196971311151e+00
1.720860430215107328e+01,1.257842979010450613e+00,3.527682577128574692e-01,1.563304508001725823e+00
1.721860930465232542e+01,1.281036189114254542e+00,3.683785052732151399e-01,1.555363060035887646e+00
1.722861430715357756e+01,1.303940883041198928e+00,3.839059310633896605e-01,1.547059378512957828e+00
1.723861930965482614e+01,1.326551902174543107e+00,3.993468800013689757e-01,1.538395098680813255e+00
1.724862431215607828e+01,1.348864154039270735e+00,4.146977328963026288e-01,1.529371965596036054e+00
1.725862931465732686e+01,1.370872613449005462e+00,4.299549064484626815e-01,1.519991834123935792e+00
1.726863431715857899e+01,1.392572323637798704e+00,4.451148532492880672e-01,1.510256668938524838e+00
1.727863931965983113e+01,1.413958397376481990e+00,4.601740617813465106e-01,1.500168544522539449e+00
1.728864432216107971e+01,1.435026018073383591e+00,4.751290564183498488e-01,1.489729645167432004e+00
1.729864932466233185e+01,1.455770440859136317e+00,4.899763974251716836e-01,1.478942264973358345e+00
1.730865432716358043e+01,1.476186993655305368e+00,5.047126809578088569e-01,1.467808807849204644e+00
1.731865932966483257e+01,1.496271078226648177e+00,5.193345390634237502e-01,1.456331787512556764e+00
1.732866433216608115e+01,1.516018171216710675e+00,5.338386396803033174e-01,1.444513827489730451e+00
1.733866933466733329e+01,1.535423825166637002e+00,5.482216866378999409e-01,1.432357661115741365e+00
1.734867433716858542e+01,1.554483669516747213e+00,5.624804196567949610e-01,1.419866131534331721e+00
1.735867933966983401e+01,1.573193411590957380e+00,5.766116143487148848e-01,1.407042191697959410e+00
1.736868434217108614e+01,1.591548837563543151e+00,5.906120822165464856e-01,1.393888904367784010e+00
1.737868934467233473e+01,1.609545813408168824e+00,6.044786706543011645e-01,1.380409442113697871e+00
1.738869434717358686e+01,1.627180285829007866e+00,6.182082629471545854e-01,1.366607087314289704e+00
1.739869934967483545e+01,1.644448283173550740e+00,6.317977782714081503e-01,1.352485232156883210e+00
1.740870435217608758e+01,1.661345916327194416e+00,6.452441716945273020e-01,1.338047378637496010e+00
1.741870935467733972e+01,1.677869379589079779e+00,6.585444341751079955e-01,1.323297138560876496e+00
1.742871435717858830e+01,1.694014951529243085e+00,6.716955925628906865e-01,1.308238233540488515e+00
1.743871935967984044e+01,1.709778995826786607e+00,6.846947095987756526e-01,1.292874494998494939e+00
1.744872436218108902e+01,1.725157962088786467e+00,6.975388839147884656e-01,1.277209864165794073e+00
1.745872936468234116e+01,1.740148386649997381e+00,7.102252500341181829e-01,1.261248392081979031e+00
1.746873436718358974e+01,1.754746893352872039e+00,7.227509783710810432e-01,1.244994239595378804e+00
1.747873936968484188e+01,1.768950194307987278e+00,7.351132752311553276e-01,1.228451677363015193e+00
1.748874437218609401e+01,1.782755090634533301e+00,7.473093828109514947e-01,1.211625085850642325e+00
1.749874937468734259e+01,1.796158473180743176e+00,7.593365791982240598e-01,1.194518955332729337e+00
1.750875437718859473e+01,1.809157323224193981e+00,7.711921783718868051e-01,1.177137885892442393e+00
1.751875937968984331e+01,1.821748713151628341e+00,7.828735302019793618e-01,1.159486587421687087e+00
1.752876438219109545e+01,1.833929807118352739e+00,7.943780204497042918e-01,1.141569879621058936e+00
1.753876938469234403e+01,1.845697861686913521e+00,8.057030707673926706e-01,1.123392691999894222e+00
1.754877438719359617e+01,1.857050226444980856e+00,8.168461386985357287e-01,1.104960063876217369e+00
1.755877938969484831e+01,1.867984344602271030e+00,8.278047176777578731e-01,1.086277144376788684e+00
1.756878439219609689e+01,1.878497753566393369e+00,8.385763370308285669e-01,1.067349192437083261e+00
1.757878939469734902e+01,1.888588085497483249e+00,8.491585619746739866e-01,1.048181576801270332e+00
1.758879439719859761e+01,1.898253067841481290e+00,8.595497780732210824e-01,1.028776587656232477e+00
1.759879939969984974e+01,1.907490523841964380e+00,8.697495164544615243e-01,1.009130503322329453e+00
1.760880440220109833e+01,1.916298373030387081e+00,8.797549863614254617e-01,9.892476910704672832e-01
1.761880940470235046e+01,1.924674631694670790e+00,8.895633318952921309e-01,9.691330673508726790e-01
1.762881440720360260e+01,1.932617413325941280e+00,8.991717725137592376e-01,9.487915737808672034e-01
1.763881940970485118e+01,1.940124929043444135e+00,9.085776030310536155e-01,9.282281771448468444e-01
1.764882441220610332e+01,1.947195487997421148e+00,9.177781936179414402e-01,9.074478693942591434e-01
1.765882941470735190e+01,1.953827497749921482e+00,9.267709898017046921e-01,8.864556676476553765e-01
1.766883441720860404e+01,1.960019464633471209e+00,9.355535124661669144e-01,8.652566141906308239e-01
1.767883941970985617e+01,1.965769994087450234e+00,9.441233578516716740e-01,8.438557764758770618e-01
1.768884442221110476e+01,1.971077790972202592e+00,9.524781975550916657e-01,8.222582471231597578e-01
1.769884942471235689e+01,1.975941659860716904e+00,9.606157785298374829e-01,8.004691439192953561e-01
1.770885442721360548e+01,1.980360505307858343e+00,9.685339230858371895e-01,7.784936098182051456e-01
1.771885942971485761e+01,1.984333332097099278e+00,9.762305288895591904e-01,7.563368129408534202e-01
1.772886443221610620e+01,1.987859245464643321e+00,9.837035689639899161e-01,7.340039465753093184e-01
1.773886943471735833e+01,1.990937451300965888e+00,9.909510916886559162e-01,7.115002291766846509e-01
1.774887443721861047e+01,1.993567256329648041e+00,9.979712207996042084e-01,6.888309043671885235e-01
1.775887943971985905e+01,1.995748068263523800e+00,1.004762155389411715e+00,6.660012409361044661e-01
1.776888444222111119e+01,1.997479395938077884e+00,1.011322169907191704e+00,6.430165328397653424e-01
1.777888944472235977e+01,1.998760849422059005e+00,1.017649614158576465e+00,6.198820992016107478e-01
1.778889444722361191e+01,1.999592140105308280e+00,1.023742913305736968e+00,5.966032843121211737e-01
1.779889944972486049e+01,1.999973080763754574e+00,1.029600567867364314e+00,5.731854576288839542e-01
1.780890445222611262e+01,1.999903585601584100e+00,1.035221153718687059e+00,5.496340137765272083e-01
1.781890945472736476e+01,1.999383670270562297e+00,1.040603322091457006e+00,5.259543725467780151e-01
1.782891445722861334e+01,1.998413451866510648e+00,1.045745799573954748e+00,5.021519788984374344e-01
1.783891945972986548e+01,1.996993148902930892e+00,1.050647388110995673e+00,4.782323029573549711e-01
1.784892446223111406e+01,1.995123081261794384e+00,1.055306965003917075e+00,4.542008400164878612e-01
1.785892946473236620e+01,1.992803670121496395e+00,1.059723482910592152e+00,4.300631105358336814e-01
1.786893446723361478e+01,1.990035437861997769e+00,1.063895969845416678e+00,4.058246601424975175e-01
1.787893946973486692e+01,1.986819007947174365e+00,1.067823529179321662e+00,3.814910596306241297e-01
1.788894447223611905e+01,1.983155104784400935e+00,1.071505339639762688e+00,3.570679049614580158e-01
1.789894947473736764e+01,1.979044553561399189e+00,1.074940655310724580e+00,3.325608172633180981e-01
1.790895447723861977e+01,1.974488280060385570e+00,1.078128805632725173e+00,3.079754428315705228e-01
1.791895947973986836e+01,1.969487310449568485e+00,1.081069195402806438e+00,2.833174531286902775e-01
1.792896448224112049e+01,1.964042771052032066e+00,1.083761304774543799e+00,2.585925447841916913e-01
1.793896948474236908e+01,1.958155888092070196e+00,1.086204689258037925e+00,2.338064395946976015e-01
1.794897448724362121e+01,1.951827987418999877e+00,1.088398979719921833e+00,2.089648845238699648e-01
1.795897948974487335e+01,1.945060494208576962e+00,1.090343882383355334e+00,1.840736517024702534e-01
1.796898449224612193e+01,1.937854932641992267e+00,1.092039178828027479e+00,1.591385384283352522e-01
1.797898949474737407e+01,1.930212925562605486e+00,1.093484725990158113e+00,1.341653671663476377e-01
1.798899449724862265e+01,1.922136194110452889e+00,1.094680456162494098e+00,1.091599855485003712e-01
1.799899949974987479e+01,1.913626557334588529e+00,1.095626376994313311e+00,8.412826637382475603e-02
1.800900450225112337e+01,1.904685931783432373e+00,1.096322571491420650e+00,5.907610760846082609e-02
1.801900950475237551e+01,1.895316331073080063e+00,1.096769198016152025e+00,3.400943238558773452e-02
1.802901450725362764e+01,1.885519865433831210e+00,1.096966490287370810e+00,8.934189005485260182e-03
1.803901950975487622e+01,1.875298741234907141e+00,1.096914757380470729e+00,-1.614364906449416992e-02
1.804902451225612836e+01,1.864655260487512844e+00,1.096614383727373410e+00,-4.121808318994957254e-02
1.805902951475737694e+01,1.853591820326420336e+00,1.096065829116530832e+00,-6.628308956937045693e-02
1.806903451725862908e+01,1.842110912470028339e+00,1.095269628692922881e+00,-9.133261923420921136e-02
1.807903951975987766e+01,1.830215122659223370e+00,1.094226392958059346e+00,-1.163605980488073843e-01
1.808904452226112980e+01,1.817907130074986721e+00,1.092936682852541974e+00,-1.413617347889731257e-01
1.809904952476238194e+01,1.805189706734992017e+00,1.091399934536427363e+00,-1.663364717708878948e-01
1.810905452726363052e+01,1.792065716869315484e+00,1.089615962404234528e+00,-1.912796763417608514e-01
1.811905952976488265e+01,1.778538116275297565e+00,1.087584839099840162e+00,-2.161847247582499854e-01
1.812906453226613124e+01,1.764609951651892938e+00,1.085306706637314100e+00,-2.410450572307500372e-01
1.813906953476738337e+01,1.750284359913450549e+00,1.082781776400911777e+00,-2.658541779234632196e-01
1.814907453726863551e+01,1.735564567483225407e+00,1.080010329145080661e+00,-2.906056549543374334e-01
1.815907953976988409e+01,1.720453889566747607e+00,1.076992714994458700e+00,-3.152931203950927741e-01
1.816908454227113623e+01,1.704955729405109199e+00,1.073729353443869661e+00,-3.399102702712479274e-01
1.817908954477238481e+01,1.689073577508547697e+00,1.070220733358331122e+00,-3.644508645620586629e-01
1.818909454727363695e+01,1.672811010870265402e+00,1.066467412973045814e+00,-3.889087272005877782e-01
1.819909954977488553e+01,1.656171692160835152e+00,1.062470019893411166e+00,-4.132777460736353770e-01
1.820910455227613767e+01,1.639159368903281955e+00,1.058229251095008427e+00,-4.375518730218087016e-01
1.821910955477738980e+01,1.621777872629073691e+00,1.053745872923612215e+00,-4.617251238394607937e-01
1.822911455727863839e+01,1.604031118015174062e+00,1.049020721095188069e+00,-4.857915782747172506e-01
1.823911955977989052e+01,1.585923102002364971e+00,1.044054700695884907e+00,-5.097453800295015380e-01
1.824912456228113911e+01,1.567457902895065258e+00,1.038848786182048789e+00,-5.335807367594748163e-01
1.825912956478239124e+01,1.548639679442801675e+00,1.033404021380207816e+00,-5.572919200741046630e-01
1.826913456728363983e+01,1.529472669903595206e+00,1.027721519487087010e+00,-5.808732655365971276e-01
1.827913956978489196e+01,1.509961191089360222e+00,1.021802463069593436e+00,-6.043191726639636219e-01
1.828914457228614410e+01,1.490109637393752795e+00,1.015648104064829527e+00,-6.276241049269627448e-01
1.829914957478739268e+01,1.469922479802380666e+00,1.009259763780087527e+00,-6.507825897501257062e-01
1.830915457728864482e+01,1.449404264885882476e+00,1.002638832892842169e+00,-6.737892185117805299e-01
1.831915957978989340e+01,1.428559613775957748e+00,9.957867714507674384e-01,-6.966386465439939890e-01
1.832916458229114554e+01,1.407393221124534133e+00,9.887051088717170311e-01,-7.193255931326383301e-01
1.833916958479239412e+01,1.385909854046527112e+00,9.813954439437438948e-01,-7.418448415173253263e-01
1.834917458729364625e+01,1.364114351046075591e+00,9.738594448250806890e-01,-7.641912388914708920e-01
1.835917958979489839e+01,1.342011620926899962e+00,9.660988490441571042e-01,-7.863596964022393498e-01
1.836918459229614697e+01,1.319606641686702497e+00,9.581154634995927566e-01,-8.083451891505673004e-01
1.837918959479739911e+01,1.296904459395979536e+00,9.499111644601881954e-01,-8.301427561911867148e-01
1.838919459729864769e+01,1.273910187061637611e+00,9.414878975649449977e-01,-8.517475005325709780e-01
1.839919959979989983e+01,1.250629003475318468e+00,9.328476778230426758e-01,-8.731545891369963952e-01
1.840920460230114841e+01,1.227066152047129322e+00,9.239925896138619921e-01,-8.943592529204806851e-01
1.841920960480240055e+01,1.203226939624652658e+00,9.149247866869613111e-01,-9.153567867528439317e-01
1.842921460730365268e+01,1.179116735297747853e+00,9.056464921620974717e-01,-9.361425494576564033e-01
1.843921960980490127e+01,1.154740969189366862e+00,8.961599985292175718e-01,-9.567119638122600911e-01
1.844922461230615340e+01,1.130105131232478133e+00,8.864676676484477547e-01,-9.770605165477914689e-01
1.845922961480740199e+01,1.105214769933723362e+00,8.765719307501174118e-01,-9.971837583491298673e-01
1.846923461730865412e+01,1.080075491123707598e+00,8.664752884347317607e-01,-1.017077303854955428e+00
1.847923961980990271e+01,1.054692956694478045e+00,8.561803106729996005e-01,-1.036736831657692592e+00
1.848924462231115484e+01,1.029072883324334997e+00,8.456896368058045566e-01,-1.056158084303565392e+00
1.849924962481240698e+01,1.003221041190335727e+00,8.350059755442312825e-01,-1.075336868292549708e+00
1.850925462731365556e+01,9.771432526687162667e-01,8.241321049695535805e-01,-1.094269054078393033e+00
1.851925962981490770e+01,9.508453910235584727e-01,8.130708725332236320e-01,-1.112950576068636011e+00
1.852926463231615628e+01,9.243333790840270181e-01,8.018251950568987541e-01,-1.131377432624564472e+00
1.853926963481740842e+01,8.976131879104105593e-01,7.903980587324096474e-01,-1.149545686061262728e+00
1.854927463731866055e+01,8.706908354493338997e-01,7.787925191217885956e-01,-1.167451462647566940e+00
1.855927963981990914e+01,8.435723851783775151e-01,7.670117011572580301e-01,-1.185090952606087766e+00
1.856928464232116127e+01,8.162639447404421711e-01,7.550587991412167632e-01,-1.202460410113223688e+00
1.857928964482240985e+01,7.887716645681999150e-01,7.429370767462704084e-01,-1.219556153299123924e+00
1.858929464732366199e+01,7.611017364988735823e-01,7.306497327144216847e-01,-1.236374675148176339e+00
1.859929964982491057e+01,7.332603923797396117e-01,7.181967307682882717e-01,-1.252914833338372169e+00
1.860930465232616271e+01,7.052539026645053832e-01,7.055796323204450715e-01,-1.269173202400849076e+00
1.861930965482741485e+01,6.770885750011914617e-01,6.928013985581762402e-01,-1.285145172136406666e+00
1.862931465732866343e+01,6.487707528114039501e-01,6.798650153425339626e-01,-1.300826248043027489e+00
1.863931965982991557e+01,6.203068138617164884e-01,6.667734932083253518e-01,-1.316212051315894804e+00
1.864932466233116415e+01,5.917031688272841317e-01,6.535298673641442013e-01,-1.331298318847353501e+00
1.865932966483241628e+01,5.629662598479434621e-01,6.401371976923337925e-01,-1.346080903226953174e+00
1.866933466733366487e+01,5.341025590774369780e-01,6.265985687490245315e-01,-1.360555772741405711e+00
1.867933966983491700e+01,5.051185672255991133e-01,6.129170897640963123e-01,-1.374719011374628153e+00
1.868934467233616914e+01,4.760208120943823507e-01,5.990958946412113795e-01,-1.388566818807704273e+00
1.869934967483741772e+01,4.468158471076125182e-01,5.851381419578006726e-01,-1.402095510418902791e+00
1.870935467733866986e+01,4.175102498349715363e-01,5.710470149650486160e-01,-1.415301517283690025e+00
1.871935967983991844e+01,3.881106205107157092e-01,5.568257215879275357e-01,-1.428181386174696810e+00
1.872936468234117058e+01,3.586235805470122107e-01,5.424774944251580244e-01,-1.440731779561756243e+00
1.873936968484241916e+01,3.290557710427904348e-01,5.280055907492496869e-01,-1.452949475611866159e+00
1.874937468734367130e+01,2.994138512879437886e-01,5.134132925064593955e-01,-1.464831368189226657e+00
1.875937968984492343e+01,2.697044972635391225e-01,4.987039063168278719e-01,-1.476374466855207457e+00
1.876938469234617202e+01,2.399344001383021951e-01,4.838807634741645880e-01,-1.487575896868362335e+00
1.877938969484742415e+01,2.101102647615066821e-01,4.689472199460311130e-01,-1.498432899184440670e+00
1.878939469734867274e+01,1.802388081530285902e-01,4.539066563737785831e-01,-1.508942830456359907e+00
1.879939969984992487e+01,1.503267579904480622e-01,4.387624780725052909e-01,-1.519103163034235537e+00
1.880940470235117346e+01,1.203808510938707971e-01,4.235181150310989850e-01,-1.528911484965352674e+00
1.881940970485242559e+01,9.040783190864087882e-02,4.081770219121944043e-01,-1.538365499994193586e+00
1.882941470735367773e+01,6.041445098637178435e-02,3.927426780522105254e-01,-1.547463027562413718e+00
1.883941970985492631e+01,3.040746346456656840e-02,3.772185874613349643e-01,-1.556202002808852569e+00
1.884942471235617845e+01,3.936275452052689699e-04,3.616082788235069900e-01,-1.564580476569542800e+00
1.885942971485742703e+01,-2.962029702732243627e-02,3.459153054964563268e-01,-1.572596615377687357e+00
1.886943471735867917e+01,-5.962755048866743429e-02,3.301432455116586895e-01,-1.580248701463685457e+00
1.887943971985992775e+01,-8.962137457692612164e-02,3.142957015743805815e-01,-1.587535132755108380e+00
1.888944472236117988e+01,-1.195950140548277807e-01,2.983763010636340529e-01,-1.594454422876721011e+00
1.889944972486243202e+01,-1.495417182310276594e-01,2.823886960322167239e-01,-1.601005201150464963e+00
1.890945472736368060e+01,-1.794547424806246516e-01,2.663365632066940214e-01,-1.607186212595465014e+00
1.891945972986493274e+01,-2.093273497641353897e-01,2.502236039873833029e-01,-1.612996317928036216e+00
1.892946473236618132e+01,-2.391528121447953348e-01,2.340535444483924365e-01,-1.618434493561668797e+00
1.893946973486743346e+01,-2.689244123039158940e-01,2.178301353375747818e-01,-1.623499831607044364e+00
1.894947473736868204e+01,-2.986354450536310989e-01,2.015571520765754299e-01,-1.628191539872020588e+00
1.895947973986993418e+01,-3.282792188472015149e-01,1.852383947607840753e-01,-1.632508941861646079e+00
1.896948474237118631e+01,-3.578490572859638896e-01,1.688776881593765378e-01,-1.636451476778146841e+00
1.897948974487243490e+01,-3.873383006230451953e-01,1.524788817152967768e-01,-1.640018699520934042e+00
1.898949474737368703e+01,-4.167403072633260597e-01,1.360458495452394612e-01,-1.643210280686605129e+00
1.899949974987493562e+01,-4.460484552591414409e-01,1.195824904396909361e-01,-1.646026006568937161e+00
1.900950475237618775e+01,-4.752561438018350626e-01,1.030927278628823718e-01,-1.648465779158894584e+00
1.901950975487743989e+01,-5.043567947082746583e-01,8.658050995283128604e-02,-1.650529616144622125e+00
1.902951475737868847e+01,-5.333438539024454306e-01,7.004980952132300320e-02,-1.652217650911449009e+00
1.903951975987994061e+01,-5.622107928916130204e-01,5.350462405389377896e-02,-1.653530132541889408e+00
1.904952476238118919e+01,-5.909511102365532231e-01,3.694897570987110136e-02,-1.654467425815638659e+00
1.905952976488244133e+01,-6.195583330159630808e-01,2.038691132232828274e-02,-1.655030011209577712e+00
1.906953476738368991e+01,-6.480260182841686145e-01,3.822502398129201673e-03,-1.655218484897770015e+00
1.907953976988494205e+01,-6.763477545222924547e-01,-1.274015488211621694e-02,-1.655033558751462630e+00
1.908954477238619418e+01,-7.045171630822419928e-01,-2.929710619057313004e-02,-1.654476036139159500e+00
1.909954977488744277e+01,-7.325278996232611473e-01,-4.584860799824697075e-02,-1.653545857862273927e+00
1.910955477738869490e+01,-7.603736555409215114e-01,-6.239234511819703038e-02,-1.652242507950215211e+00
1.911955977988994348e+01,-7.880481593878333468e-01,-7.892403795662894517e-02,-1.650565723209967528e+00
1.912956478239119562e+01,-8.155451782861858900e-01,-9.543944239842415411e-02,-1.648515347940769260e+00
1.913956978489244420e+01,-8.428585193314890311e-01,-1.119343498070928256e-01,-1.646091333934117662e+00
1.914957478739369634e+01,-8.699820309873580459e-01,-1.284045870248208820e-01,-1.643293740473763531e+00
1.915957978989494848e+01,-8.969096044709492510e-01,-1.448460163724289429e-01,-1.640122734335716981e+00
1.916958479239619706e+01,-9.236351751287987799e-01,-1.612545356493900184e-01,-1.636578589788244331e+00
1.917958979489744920e+01,-9.501527238027219768e-01,-1.776260781338467598e-01,-1.632661688591865001e+00
1.918959479739869778e+01,-9.764562781854351226e-01,-1.939566125825707699e-01,-1.628372519999360390e+00
1.919959979989994991e+01,-1.002539914165656354e+00,-2.102421432310093430e-01,-1.623711680755761888e+00
1.920960480240119850e+01,-1.028397757162308856e+00,-2.264787097932386972e-01,-1.618679875098364418e+00
1.921960980490245063e+01,-1.054023983447673007e+00,-2.426623874620104926e-01,-1.613277914756712006e+00
1.922961480740370277e+01,-1.079412821458902716e+00,-2.587892869087113912e-01,-1.607506718952610658e+00
1.923961980990495135e+01,-1.104558553098004436e+00,-2.748555542833803766e-01,-1.601367314400123254e+00
1.924962481240620349e+01,-1.129455515019624823e+00,-2.908573712147258239e-01,-1.594860835305562663e+00
1.925962981490745207e+01,-1.154098099906536667e+00,-3.067909548100856143e-01,-1.587988523367507065e+00
1.926963481740870421e+01,-1.178480757732595086e+00,-3.226525576554724606e-01,-1.580751727776781745e+00
1.927963981990995279e+01,-1.202597997012608833e+00,-3.384384678155288873e-01,-1.573151905216478408e+00
1.928964482241120493e+01,-1.226444386039264645e+00,-3.541450088335722501e-01,-1.565190619861934529e+00
1.929964982491245706e+01,-1.250014554106358755e+00,-3.697685397315552680e-01,-1.556869543380752674e+00
1.930965482741370565e+01,-1.273303192718431953e+00,-3.853054550100829534e-01,-1.548190454932791393e+00
1.931965982991495778e+01,-1.296305056786392518e+00,-4.007521846484291550e-01,-1.539155241170157451e+00
1.932966483241620637e+01,-1.319014965808721795e+00,-4.161051941044981994e-01,-1.529765896237226031e+00
1.933966983491745850e+01,-1.341427805038351018e+00,-4.313609843148683010e-01,-1.520024521770615644e+00
1.934967483741870709e+01,-1.363538526634506809e+00,-4.465160916947483183e-01,-1.509933326899215222e+00
1.935967983991995922e+01,-1.385342150799654615e+00,-4.615670881380211088e-01,-1.499494628244156136e+00
1.936968484242121136e+01,-1.406833766901038230e+00,-4.765105810172053924e-01,-1.488710849918836399e+00
1.937968984492245994e+01,-1.428008534576615141e+00,-4.913432131834724603e-01,-1.477584523528911342e+00
1.938969484742371208e+01,-1.448861684825294205e+00,-5.060616629666615518e-01,-1.466118288172280737e+00
1.939969984992496066e+01,-1.469388521080924548e+00,-5.206626441752434387e-01,-1.454314890439117214e+00
1.940970485242621280e+01,-1.489584420270119391e+00,-5.351429060963617257e-01,-1.442177184411832513e+00
1.941970985492746493e+01,-1.509444833853454293e+00,-5.494992334957969904e-01,-1.429708131665108573e+00
1.942971485742871351e+01,-1.528965288849856163e+00,-5.637284466179817155e-01,-1.416910801265883091e+00
1.943971985992996565e+01,-1.548141388844091804e+00,-5.778274011860163872e-01,-1.403788369773337319e+00
1.944972486243121423e+01,-1.566968814976848368e+00,-5.917929884016336350e-01,-1.390344121238926922e+00
1.945972986493246637e+01,-1.585443326917487239e+00,-6.056221349452378666e-01,-1.376581447206345343e+00
1.946973486743371495e+01,-1.603560763819031898e+00,-6.193118029758662990e-01,-1.362503846711562216e+00
1.947973986993496709e+01,-1.621317045255286082e+00,-6.328589901312277055e-01,-1.348114926282782955e+00
1.948974487243621923e+01,-1.638708172139819785e+00,-6.462607295276689978e-01,-1.333418399940485610e+00
1.949974987493746781e+01,-1.655730227626654782e+00,-6.595140897601891039e-01,-1.318418089197403553e+00
1.950975487743871994e+01,-1.672379377992428529e+00,-6.726161749024538450e-01,-1.303117923058512151e+00
1.951975987993996853e+01,-1.688651873499817713e+00,-6.855641245067618517e-01,-1.287521938021063850e+00
1.952976488244122066e+01,-1.704544049242063819e+00,-6.983551136040831997e-01,-1.271634278074545987e+00
1.953976988494246925e+01,-1.720052325968369544e+00,-7.109863527040215514e-01,-1.255459194700724534e+00
1.954977488744372138e+01,-1.735173210890064821e+00,-7.234550877948513481e-01,-1.239001046873599021e+00
1.955977988994497352e+01,-1.749903298467190060e+00,-7.357586003434850586e-01,-1.222264301059443170e+00
1.956978489244622210e+01,-1.764239271175557233e+00,-7.478942072954885001e-01,-1.205253531216786911e+00
1.957978989494747424e+01,-1.778177900253895993e+00,-7.598592610750920517e-01,-1.187973418796399505e+00
1.958979489744872282e+01,-1.791716046431029774e+00,-7.716511495851617886e-01,-1.170428752741329514e+00
1.959979989994997496e+01,-1.804850660632943526e+00,-7.832672962072323442e-01,-1.152624429486858393e+00
1.960980490245122354e+01,-1.817578784669439118e+00,-7.947051598014743812e-01,-1.134565452960548670e+00
1.961980990495247568e+01,-1.829897551900450337e+00,-8.059622347067273429e-01,-1.116256934582194216e+00
1.962981490745372781e+01,-1.841804187881614929e+00,-8.170360507404700323e-01,-1.097704093263864422e+00
1.963981990995497640e+01,-1.853296010989158971e+00,-8.279241731988348230e-01,-1.078912255409885113e+00
1.964982491245622853e+01,-1.864370433023874396e+00,-8.386242501838269137e-01,-1.059881552235038216e+00
1.965982991495747711e+01,-1.875024959793985646e+00,-8.491337917598407170e-01,-1.040610693402189479e+00
1.966983491745872925e+01,-1.885257191676953159e+00,-8.594502045985310534e-01,-1.021104367778576272e+00
1.967983991995997783e+01,-1.895064824159869321e+00,-8.695709580758778090e-01,-1.001367301772158491e+00
1.968984492246122997e+01,-1.904445648358512599e+00,-8.794935844585235474e-01,-9.814042489655351309e-01
1.969984992496248211e+01,-1.913397551514827599e+00,-8.892156789037485298e-01,-9.612199901159947935e-01
1.970985492746373069e+01,-1.921918517472744892e+00,-8.987348994594814844e-01,-9.408193331554937089e-01
1.971985992996498283e+01,-1.930006627132297536e+00,-9.080489670643095979e-01,-9.202071131906343071e-01
1.972986493246623141e+01,-1.937660058881805369e+00,-9.171556655474547570e-01,-8.993881925027156221e-01
1.973986993496748354e+01,-1.944877089008165028e+00,-9.260528416288004161e-01,-8.783674605476752273e-01
1.974987493746873213e+01,-1.951656092085054528e+00,-9.347384049188653954e-01,-8.571498339561481883e-01
1.975987993996998426e+01,-1.957995541339019097e+00,-9.432103279188295275e-01,-8.357402565334073330e-01
1.976988494247123640e+01,-1.963894008993326112e+00,-9.514666460205111198e-01,-8.141436992594155431e-01
1.977988994497248498e+01,-1.969350166589534767e+00,-9.595054575063776126e-01,-7.923651602888038825e-01
1.978989494747373712e+01,-1.974362785286694510e+00,-9.673249235495529064e-01,-7.704096649508482830e-01
1.979989994997498570e+01,-1.978930736138101887e+00,-9.749232682137981554e-01,-7.482822657495229457e-01
1.980990495247623784e+01,-1.983052990345565592e+00,-9.822987784535335276e-01,-7.259880423634389457e-01
1.981990995497748642e+01,-1.986728619491108461e+00,-9.894498041138169997e-01,-7.035321016459064047e-01
1.982991495747873856e+01,-1.989956795746077090e+00,-9.963747579303651181e-01,-6.809195776248713194e-01
1.983991995997999069e+01,-1.992736792057571371e+00,-1.003072115529534791e+00,-6.581556315029718496e-01
1.984992496248123928e+01,-1.995067982312205501e+00,-1.009540415428332061e+00,-6.352454516575136712e-01
1.985992996498249141e+01,-1.996949841477116072e+00,-1.015778259034417319e+00,-6.121942536404457735e-01
1.986993496748374000e+01,-1.998381945718208152e+00,-1.021784310646091321e+00,-5.890072801784178580e-01
1.987993996998499213e+01,-1.999363972495617592e+00,-1.027557297452310614e+00,-5.656898011727142794e-01
1.988994497248624427e+01,-1.999895700636347362e+00,-1.033096009532674442e+00,-5.422471136993117780e-01
1.989994997498749285e+01,-1.999977010384085929e+00,-1.038399299857430069e+00,-5.186845420088556091e-01
1.990995497748874499e+01,-1.999607883426174793e+00,-1.043466084287479223e+00,-4.950074375266327875e-01
1.991995997998999357e+01,-1.998788402897735406e+00,-1.048295341574364103e+00,-4.712211788526320388e-01
1.992996498249124571e+01,-1.997518753362943045e+00,-1.052886113360282261e+00,-4.473311717614765204e-01
1.993996998499249429e+01,-1.995799220773463611e+00,-1.057237504178073273e+00,-4.233428492024905454e-01
1.994997498749374643e+01,-1.993630192404043822e+00,-1.061348681451230513e+00,-3.992616712996320816e-01
1.995997998999499856e+01,-1.991012156765296748e+00,-1.065218875493892048e+00,-3.750931253515525921e-01
1.996998499249624714e+01,-1.987945703493675831e+00,-1.068847379510843520e+00,-3.508427258315716113e-01
1.997998999499749928e+01,-1.984431523218670668e+00,-1.072233549597523261e+00,-3.265160143876503218e-01
1.998999499749874786e+01,-1.980470407407276978e+00,-1.075376804740012737e+00,-3.021185598424523944e-01
2.000000000000000000e+01,-1.976063248185723653e+00,-1.078276626815046324e+00,-2.776559581932742660e-01
